createdAt,attempt_end_time,actor.id,equipment_check_time_min,attempt_success,attempt_id,attempt_size,amount_of_errors,Error: Face not found,Error: Incorrect facial position,Error: Incorrect passport position,other,browser,os,is_mobile,browser_version,os_version,country,region
2025-04-06 13:38:56.887000+00:00,2025-04-06 13:51:07.273000+00:00,user_00001,12.1731,1,1,8,2,0.0,0.0,0.0,1.0,Chrome,Windows,False,134.0.0,10,RU,Irkutsk Oblast
2025-04-06 13:58:11.873000+00:00,2025-04-06 13:58:11.873000+00:00,user_00001,0.0,1,2,1,0,0.0,0.0,0.0,0.0,Chrome,Windows,False,134.0.0,10,RU,Irkutsk Oblast
2025-04-21 06:35:31.362000+00:00,2025-04-21 06:39:11.843000+00:00,user_00001,3.6746833333333333,1,3,4,0,0.0,0.0,0.0,0.0,Chrome Mobile iOS,iOS,True,135.0.7049,18.3.2,RU,Irkutsk Oblast
2025-04-21 06:47:12.466000+00:00,2025-04-21 06:51:14.418000+00:00,user_00001,4.032533333333333,1,4,4,0,0.0,0.0,0.0,0.0,Chrome Mobile iOS,iOS,True,135.0.7049,18.3.2,RU,Irkutsk Oblast
2025-05-16 07:45:36.872000+00:00,2025-05-16 07:49:38.955000+00:00,user_00001,4.034716666666666,0,5,6,3,1.0,1.0,0.0,0.0,Chrome,Windows,False,136.0.0,10,RU,Irkutsk Oblast
2025-06-25 01:10:58.411000+00:00,2025-06-25 01:15:38.642000+00:00,user_00001,4.670516666666667,1,6,5,0,0.0,0.0,0.0,0.0,Chrome,Windows,False,137.0.0,10,RU,
2025-12-16 04:49:05.206000+00:00,2025-12-16 04:57:44.254000+00:00,user_00001,8.6508,1,7,9,5,0.0,1.0,0.0,2.0,Chrome,Windows,False,143.0.0,10,RU,
2025-12-16 06:18:13.896000+00:00,2025-12-16 06:25:03.666000+00:00,user_00001,6.8294999999999995,1,8,6,2,0.0,0.0,0.0,1.0,Chrome,Windows,False,143.0.0,10,RU,
2025-12-16 07:09:35.912000+00:00,2025-12-16 07:13:47.113000+00:00,user_00001,4.186683333333333,1,9,4,0,0.0,0.0,0.0,0.0,Chrome,Windows,False,143.0.0,10,RU,
2026-02-19 06:13:55.691000+00:00,2026-02-19 06:19:31.958000+00:00,user_00001,5.60445,1,10,6,2,0.0,0.0,0.0,1.0,Chrome,Windows,False,145.0.0,10,RU,
2026-02-19 06:21:06.339000+00:00,2026-02-19 06:21:06.339000+00:00,user_00001,0.0,1,11,1,0,0.0,0.0,0.0,0.0,Chrome,Windows,False,145.0.0,10,RU,
2026-02-24 06:44:22.274000+00:00,2026-02-24 06:47:25.120000+00:00,user_00001,3.047433333333333,1,12,4,0,0.0,0.0,0.0,0.0,Chrome,Windows,False,145.0.0,10,RU,Irkutsk Oblast
2025-04-12 11:03:41.298000+00:00,2025-04-12 11:11:30.320000+00:00,user_00003,7.817033333333333,1,1,9,4,0.0,0.0,1.0,1.0,Chrome Mobile WebView,Mac OS X,True,132.0.6834,10.15.7,RU,Transbaikal Territory
2025-04-12 12:42:00.876000+00:00,2025-04-12 12:48:52.538000+00:00,user_00004,6.861033333333333,0,1,3,0,0.0,0.0,0.0,0.0,Huawei Browser,Android,True,13.0.5,12,RU,Transbaikal Territory
2025-04-12 13:21:22.108000+00:00,2025-04-12 13:30:40.655000+00:00,user_00004,9.309116666666666,1,2,12,6,0.0,0.0,2.0,1.0,Huawei Browser,Android,True,13.0.5,12,RU,Transbaikal Territory
2025-04-13 13:48:09.863000+00:00,2025-04-13 13:52:01.885000+00:00,user_00004,3.867033333333333,1,3,4,0,0.0,0.0,0.0,0.0,Yandex Browser,Android,True,25.2.6,12,RU,Transbaikal Territory
2025-04-15 00:35:19.305000+00:00,2025-04-15 00:42:39.431000+00:00,user_00005,7.335433333333333,0,1,13,10,1.0,0.0,3.0,1.0,Yandex Browser,iOS,True,25.2.2,18.3.1,RU,Irkutsk Oblast
2025-04-15 00:56:35.718000+00:00,2025-04-15 01:01:16.246000+00:00,user_00005,4.675466666666667,1,2,6,2,1.0,0.0,0.0,0.0,Yandex Browser,iOS,True,25.2.2,18.3.1,RU,Irkutsk Oblast
2025-04-16 00:48:58.492000+00:00,2025-04-16 00:52:07.594000+00:00,user_00005,3.1517,1,3,4,0,0.0,0.0,0.0,0.0,Yandex Browser,iOS,True,25.2.2,18.4.0,RU,Irkutsk Oblast
2025-04-16 01:01:49.746000+00:00,2025-04-16 01:01:49.746000+00:00,user_00005,0.0,0,4,1,0,0.0,0.0,0.0,0.0,Yandex Browser,iOS,True,25.2.2,18.4.0,RU,Irkutsk Oblast
2025-04-17 12:56:30.779000+00:00,2025-04-17 12:59:56.831000+00:00,user_00005,3.4341999999999997,1,5,6,2,1.0,0.0,0.0,0.0,Yandex Browser,iOS,True,25.2.2,18.4.0,RU,Transbaikal Territory
2025-04-15 04:10:37.677000+00:00,2025-04-15 04:14:31.425000+00:00,user_00006,3.8958,1,1,11,6,1.0,1.0,1.0,0.0,Chrome,Linux,False,133.0.0,,RU,Transbaikal Territory
2025-04-15 05:27:32.739000+00:00,2025-04-15 05:30:47.835000+00:00,user_00006,3.2516000000000003,1,2,8,4,2.0,0.0,0.0,0.0,Chrome,Linux,False,133.0.0,,RU,Transbaikal Territory
2025-04-15 05:11:44.310000+00:00,2025-04-15 05:16:36.619000+00:00,user_00007,4.871816666666667,1,1,7,2,0.0,0.0,1.0,0.0,Huawei Browser,Android,True,15.0.4,10,RU,Transbaikal Territory
2025-04-15 05:21:36.249000+00:00,2025-04-15 05:25:05.459000+00:00,user_00007,3.4868333333333337,1,2,2,0,0.0,0.0,0.0,0.0,Huawei Browser,Android,True,15.0.4,10,RU,Transbaikal Territory
2025-04-15 07:35:47.057000+00:00,2025-04-15 07:41:30.106000+00:00,user_00008,5.717483333333333,1,1,9,2,0.0,0.0,1.0,0.0,Chrome,Linux,False,135.0.0,,RU,Transbaikal Territory
2025-04-15 07:49:38.985000+00:00,2025-04-15 07:52:28.849000+00:00,user_00008,2.8310666666666666,1,2,4,0,0.0,0.0,0.0,0.0,Chrome,Linux,False,135.0.0,,RU,Transbaikal Territory
2025-04-15 07:59:39.556000+00:00,2025-04-15 07:59:39.556000+00:00,user_00008,0.0,1,3,1,0,0.0,0.0,0.0,0.0,Chrome,Linux,False,135.0.0,,RU,Transbaikal Territory
2025-04-15 08:52:48.723000+00:00,2025-04-15 08:57:56.291000+00:00,user_00008,5.126133333333333,1,4,4,0,0.0,0.0,0.0,0.0,Chrome,Linux,False,135.0.0,,RU,Transbaikal Territory
2025-04-15 08:15:46.620000+00:00,2025-04-15 08:21:38.987000+00:00,user_00009,5.8727833333333335,1,1,10,4,0.0,0.0,1.0,1.0,Chrome,Linux,False,135.0.0,10,RU,Transbaikal Territory
2025-04-17 00:28:03.881000+00:00,2025-04-17 00:33:03.353000+00:00,user_00010,4.9912,1,1,6,2,0.0,0.0,1.0,0.0,Mobile Safari,iOS,True,18.3.1,18.3.2,RU,Irkutsk Oblast
2025-04-24 06:54:30.582000+00:00,2025-04-24 06:59:05.626000+00:00,user_00011,4.584066666666667,0,1,3,1,0.0,0.0,0.0,1.0,Chrome,Windows,False,135.0.0,10,RU,Irkutsk Oblast
2025-04-27 06:22:13.899000+00:00,2025-04-27 06:26:36.373000+00:00,user_00011,4.3745666666666665,1,2,8,4,0.0,2.0,0.0,0.0,Chrome,Windows,False,135.0.0,10,RU,Irkutsk Oblast
2025-04-27 06:29:20.099000+00:00,2025-04-27 06:29:20.099000+00:00,user_00011,0.0,1,3,1,0,0.0,0.0,0.0,0.0,Chrome,Windows,False,135.0.0,10,RU,Irkutsk Oblast
2025-04-24 16:03:58.826000+00:00,2025-04-24 16:07:10.948000+00:00,user_00012,3.2020333333333335,0,1,3,0,0.0,0.0,0.0,0.0,Chrome Mobile,Android,True,135.0.0,10,RU,Irkutsk Oblast
2025-05-31 01:29:39.923000+00:00,2025-05-31 01:47:39.575000+00:00,user_00012,17.9942,1,2,144,135,5.0,10.0,52.0,1.0,Chrome Mobile,Android,True,136.0.0,10,RU,Transbaikal Territory
2025-06-02 22:13:57.870000+00:00,2025-06-02 22:28:34.562000+00:00,user_00012,14.611533333333334,0,3,168,164,2.0,0.0,81.0,0.0,Chrome Mobile,Android,True,136.0.0,10,RU,Transbaikal Territory
2025-06-03 00:01:48.359000+00:00,2025-06-03 00:06:59.738000+00:00,user_00012,5.18965,1,4,57,53,4.0,0.0,22.0,0.0,Chrome Mobile,Android,True,136.0.0,10,RU,Transbaikal Territory
2025-06-04 00:40:04.625000+00:00,2025-06-04 00:57:30.135000+00:00,user_00012,17.425166666666666,0,5,307,305,13.0,0.0,140.0,0.0,Chrome Mobile,Android,True,136.0.0,10,RU,Transbaikal Territory
2025-06-05 00:44:06.451000+00:00,2025-06-05 00:54:03.804000+00:00,user_00012,9.955883333333333,0,6,191,188,1.0,0.0,94.0,0.0,Chrome Mobile,Android,True,136.0.0,10,RU,Transbaikal Territory
2025-06-05 01:07:55.237000+00:00,2025-06-05 01:14:52.244000+00:00,user_00012,6.950116666666667,1,7,56,49,2.0,2.0,20.0,0.0,Chrome Mobile,Android,True,136.0.0,10,RU,Transbaikal Territory
2025-06-05 01:20:36.882000+00:00,2025-06-05 01:23:04.356000+00:00,user_00012,2.4579,1,8,6,2,0.0,1.0,0.0,0.0,Chrome Mobile,Android,True,136.0.0,10,RU,Transbaikal Territory
2025-04-25 02:39:55.398000+00:00,2025-04-25 02:57:20.084000+00:00,user_00013,17.41143333333333,1,1,6,0,0.0,0.0,0.0,0.0,Chrome,Linux,False,135.0.0,,RU,Transbaikal Territory
2025-04-26 04:02:18.219000+00:00,2025-04-26 04:06:30.581000+00:00,user_00014,4.206033333333333,0,1,3,1,0.0,0.0,0.0,1.0,MiuiBrowser,Android,True,14.32.0,10,RU,Transbaikal Territory
2025-04-26 04:28:38.870000+00:00,2025-04-26 04:41:19.013000+00:00,user_00014,12.66905,0,2,6,4,0.0,0.0,0.0,2.0,MiuiBrowser,Android,True,14.32.0,10,RU,Transbaikal Territory
2025-04-26 07:59:28.505000+00:00,2025-04-26 08:03:14.112000+00:00,user_00014,3.7601166666666668,0,3,7,4,0.0,0.0,2.0,0.0,Chrome Mobile,Android,True,135.0.0,10,RU,Transbaikal Territory
2025-04-26 08:59:53.911000+00:00,2025-04-26 09:23:32.676000+00:00,user_00014,23.646083333333333,1,4,21,15,4.0,0.0,2.0,3.0,Chrome Mobile,Android,True,135.0.0,10,RU,Transbaikal Territory
2025-05-02 07:24:24.212000+00:00,2025-05-02 07:44:18.277000+00:00,user_00015,19.901083333333336,1,1,23,14,3.0,1.0,3.0,0.0,Chrome Mobile,Android,True,135.0.0,10,RU,Transbaikal Territory
2025-04-30 13:52:50.283000+00:00,2025-04-30 13:56:32.435000+00:00,user_00016,3.7025333333333332,1,1,4,0,0.0,0.0,0.0,0.0,Chrome,Windows,False,135.0.0,10,RU,Transbaikal Territory
2025-05-02 10:48:58.386000+00:00,2025-05-02 10:51:36.236000+00:00,user_00017,2.6308333333333334,0,1,3,1,0.0,0.0,0.0,1.0,MiuiBrowser,Android,True,14.32.0,10,RU,Transbaikal Territory
2025-05-02 11:46:22.093000+00:00,2025-05-02 11:46:57.105000+00:00,user_00017,0.5835333333333333,0,2,3,2,0.0,0.0,0.0,1.0,MiuiBrowser,Android,True,14.32.0,10,RU,Transbaikal Territory
2025-05-02 11:58:18.888000+00:00,2025-05-02 11:59:09.729000+00:00,user_00017,0.84735,0,3,4,2,0.0,0.0,0.0,1.0,MiuiBrowser,Android,True,14.32.0,10,RU,Transbaikal Territory
2025-05-03 09:50:04.761000+00:00,2025-05-03 09:53:20.007000+00:00,user_00018,3.2541,1,1,6,2,0.0,1.0,0.0,0.0,Chrome,Windows,False,135.0.0,10,RU,Irkutsk Oblast
2025-05-06 09:11:08.498000+00:00,2025-05-06 09:14:21.499000+00:00,user_00019,3.2166833333333336,1,1,8,4,0.0,1.0,1.0,0.0,Chrome,Windows,False,135.0.0,10,RU,Irkutsk Oblast
2025-05-08 10:17:17.276000+00:00,2025-05-08 10:21:14.873000+00:00,user_00020,3.95995,1,1,5,0,0.0,0.0,0.0,0.0,Chrome,Windows,False,135.0.0,10,RU,Irkutsk Oblast
2025-05-08 10:24:11.310000+00:00,2025-05-08 10:27:29.839000+00:00,user_00020,3.3088166666666665,1,2,3,0,0.0,0.0,0.0,0.0,Chrome,Windows,False,135.0.0,10,RU,Transbaikal Territory
2025-05-12 02:03:45.012000+00:00,2025-05-12 02:07:44.824000+00:00,user_00021,3.996866666666667,1,1,10,6,3.0,0.0,0.0,0.0,Chrome,Windows,False,136.0.0,10,RU,Irkutsk Oblast
2025-05-12 02:18:22.075000+00:00,2025-05-12 02:24:21.501000+00:00,user_00022,5.990433333333333,1,1,24,20,10.0,0.0,0.0,0.0,Chrome,Windows,False,136.0.0,10,RU,Irkutsk Oblast
2025-05-12 02:29:45.662000+00:00,2025-05-12 02:33:18.084000+00:00,user_00022,3.5403666666666664,1,2,4,0,0.0,0.0,0.0,0.0,Chrome,Windows,False,136.0.0,10,RU,Irkutsk Oblast
2025-05-12 11:56:58.675000+00:00,2025-05-12 12:02:29.845000+00:00,user_00023,5.5195,1,1,10,6,2.0,1.0,0.0,0.0,Chrome,Windows,False,136.0.0,10,RU,Irkutsk Oblast
2025-05-12 12:54:17.363000+00:00,2025-05-12 12:57:29.772000+00:00,user_00024,3.2068166666666666,1,1,4,0,0.0,0.0,0.0,0.0,Chrome,Windows,False,136.0.0,10,RU,Irkutsk Oblast
2025-05-24 11:22:34.230000+00:00,2025-05-24 11:26:00.795000+00:00,user_00030,3.4427499999999998,1,1,4,0,0.0,0.0,0.0,0.0,Chrome,Windows,False,136.0.0,10,RU,Transbaikal Territory
2025-05-24 11:27:29.715000+00:00,2025-05-24 11:30:25.392000+00:00,user_00030,2.92795,1,2,3,0,0.0,0.0,0.0,0.0,Chrome,Windows,False,136.0.0,10,RU,Transbaikal Territory
2025-06-03 05:52:55.507000+00:00,2025-06-03 05:55:45.401000+00:00,user_00031,2.831566666666667,0,1,4,2,0.0,0.0,1.0,0.0,Yandex Browser,Android,True,25.4.4,14,RU,Transbaikal Territory
2025-06-04 01:55:59.445000+00:00,2025-06-04 01:59:05.905000+00:00,user_00031,3.107666666666667,1,2,4,0,0.0,0.0,0.0,0.0,Yandex Browser,Android,True,25.4.4,14,RU,Transbaikal Territory
2025-06-05 09:41:20.197000+00:00,2025-06-05 09:45:03.652000+00:00,user_00031,3.72425,1,3,4,0,0.0,0.0,0.0,0.0,Yandex Browser,Android,True,25.4.4,14,RU,Transbaikal Territory
2025-06-05 09:52:28.129000+00:00,2025-06-05 09:54:49.345000+00:00,user_00031,2.3536,1,4,4,0,0.0,0.0,0.0,0.0,Yandex Browser,Android,True,25.4.4,14,RU,Transbaikal Territory
2025-06-05 09:59:18.641000+00:00,2025-06-05 10:02:15.843000+00:00,user_00031,2.9533666666666667,1,5,12,8,0.0,4.0,0.0,0.0,Yandex Browser,Android,True,25.4.4,14,RU,Transbaikal Territory
2025-05-30 13:05:58.109000+00:00,2025-05-30 13:12:54.011000+00:00,user_00032,6.9317,0,1,18,17,9.0,0.0,0.0,0.0,Chrome,Linux,False,136.0.0,,RU,Transbaikal Territory
2025-05-30 14:53:14.301000+00:00,2025-05-30 14:55:22.955000+00:00,user_00032,2.144233333333333,0,2,3,2,1.0,0.0,0.0,0.0,Chrome,Linux,False,136.0.0,,RU,Transbaikal Territory
2025-05-31 00:13:53.449000+00:00,2025-05-31 00:18:16.538000+00:00,user_00032,4.384816666666667,1,3,9,4,2.0,0.0,0.0,0.0,Chrome,Linux,False,136.0.0,,RU,Transbaikal Territory
2025-05-30 02:39:32.128000+00:00,2025-05-30 02:54:02.110000+00:00,user_00033,14.499699999999999,0,1,35,31,12.0,2.0,2.0,0.0,Yandex Browser,Android,True,25.4.4,13,RU,Transbaikal Territory
2025-05-30 03:11:32.541000+00:00,2025-05-30 03:24:08.600000+00:00,user_00033,12.600983333333334,0,2,18,16,1.0,0.0,6.0,1.0,Yandex Browser,Android,True,25.4.4,13,RU,Transbaikal Territory
2025-05-30 09:35:42.077000+00:00,2025-05-30 09:41:36.852000+00:00,user_00033,5.912916666666666,1,3,12,7,1.0,1.0,1.0,0.0,Yandex Browser,Android,True,25.4.4,13,RU,Transbaikal Territory
2025-07-28 07:31:59.885000+00:00,2025-07-28 07:43:57.815000+00:00,user_00034,11.965499999999999,1,1,55,49,21.0,2.0,0.0,2.0,Chrome,Windows,False,138.0.0,10,RU,Transbaikal Territory
2025-07-28 07:45:04.204000+00:00,2025-07-28 07:49:31.819000+00:00,user_00034,4.46025,1,2,3,0,0.0,0.0,0.0,0.0,Chrome,Windows,False,138.0.0,10,RU,Transbaikal Territory
2025-07-28 07:50:38.079000+00:00,2025-07-28 07:53:25.090000+00:00,user_00034,2.7835166666666664,1,3,4,0,0.0,0.0,0.0,0.0,Chrome,Windows,False,138.0.0,10,RU,Transbaikal Territory
2025-06-04 12:16:50.807000+00:00,2025-06-04 12:24:16.725000+00:00,user_00035,7.431966666666667,1,1,6,2,1.0,0.0,0.0,0.0,Chrome,Linux,False,136.0.0,,RU,Transbaikal Territory
2025-06-10 08:53:07.630000+00:00,2025-06-10 09:12:58.690000+00:00,user_00035,19.851,1,2,14,6,0.0,0.0,2.0,1.0,Chrome,Linux,False,137.0.0,,RU,Transbaikal Territory
2025-06-10 09:39:22.173000+00:00,2025-06-10 09:42:00.113000+00:00,user_00036,2.6323333333333334,0,1,3,1,0.0,0.0,0.0,1.0,MiuiBrowser,Android,True,14.33.0,10,RU,Transbaikal Territory
2025-06-10 11:24:11.219000+00:00,2025-06-10 11:24:39.099000+00:00,user_00036,0.4646666666666667,0,2,3,2,0.0,0.0,0.0,1.0,MiuiBrowser,Android,True,14.33.0,10,RU,Transbaikal Territory
2025-06-10 12:09:42.956000+00:00,2025-06-10 12:13:40.680000+00:00,user_00036,3.9620666666666664,1,3,6,1,0.0,0.0,0.0,0.0,Chrome Mobile,Android,True,136.0.0,10,RU,Transbaikal Territory
2025-07-02 07:36:22.570000+00:00,2025-07-02 07:48:59.988000+00:00,user_00036,12.623633333333334,1,4,10,4,1.0,0.0,1.0,0.0,Chrome Mobile,Android,True,137.0.0,10,RU,Krasnoyarsk Krai
2025-06-17 02:23:21.831000+00:00,2025-06-17 02:26:46.150000+00:00,user_00037,3.4053166666666663,0,1,6,4,0.0,0.0,2.0,0.0,Chrome Mobile,Android,True,137.0.0,10,RU,Transbaikal Territory
2025-06-18 19:54:29.018000+00:00,2025-06-18 19:57:26.886000+00:00,user_00037,2.9644666666666666,1,2,5,0,0.0,0.0,0.0,0.0,Chrome Mobile,Android,True,137.0.0,10,RU,Transbaikal Territory
2025-06-18 20:09:00.697000+00:00,2025-06-18 20:11:16.424000+00:00,user_00037,2.2621166666666666,1,3,4,0,0.0,0.0,0.0,0.0,Chrome Mobile,Android,True,137.0.0,10,RU,Transbaikal Territory
2025-06-20 12:35:38.527000+00:00,2025-06-20 12:38:25.927000+00:00,user_00037,2.79,1,4,5,0,0.0,0.0,0.0,0.0,Chrome Mobile,Android,True,137.0.0,10,RU,Transbaikal Territory
2025-06-20 12:46:41.116000+00:00,2025-06-20 12:46:41.116000+00:00,user_00037,0.0,0,5,1,0,0.0,0.0,0.0,0.0,Chrome Mobile,Android,True,137.0.0,10,RU,Transbaikal Territory
2025-06-20 21:26:27.518000+00:00,2025-06-20 21:28:48.457000+00:00,user_00037,2.3489833333333334,1,6,4,0,0.0,0.0,0.0,0.0,Chrome Mobile,Android,True,137.0.0,10,RU,Transbaikal Territory
2025-06-20 21:35:45.216000+00:00,2025-06-20 21:37:56.634000+00:00,user_00037,2.1903,1,7,4,0,0.0,0.0,0.0,0.0,Chrome Mobile,Android,True,137.0.0,10,RU,Transbaikal Territory
2025-06-20 21:42:25.898000+00:00,2025-06-20 21:42:25.898000+00:00,user_00037,0.0,1,8,1,0,0.0,0.0,0.0,0.0,Chrome Mobile,Android,True,137.0.0,10,RU,Transbaikal Territory
2025-06-20 21:42:47.783000+00:00,2025-06-20 21:45:02.995000+00:00,user_00037,2.253533333333333,1,9,4,0,0.0,0.0,0.0,0.0,Chrome Mobile,Android,True,137.0.0,10,RU,Transbaikal Territory
2025-06-24 03:17:12.584000+00:00,2025-06-24 03:19:33.886000+00:00,user_00037,2.355033333333333,1,10,5,0,0.0,0.0,0.0,0.0,Chrome Mobile,Android,True,137.0.0,10,RU,Transbaikal Territory
2025-06-18 01:07:04.897000+00:00,2025-06-18 01:17:38.555000+00:00,user_00038,10.560966666666667,0,1,11,9,1.0,0.0,4.0,0.0,Chrome Mobile,Android,True,127.0.0,10,RU,Transbaikal Territory
2025-06-26 06:03:59.553000+00:00,2025-06-26 06:09:59.587000+00:00,user_00038,6.000566666666667,1,2,7,3,0.0,0.0,0.0,2.0,Chrome,Windows,False,137.0.0,10,RU,Irkutsk Oblast
2025-06-18 04:25:46.983000+00:00,2025-06-18 04:33:00.742000+00:00,user_00039,7.229316666666667,0,1,12,8,2.0,0.0,1.0,1.0,Yandex Browser,Android,True,25.4.4,15,RU,Transbaikal Territory
2025-06-26 20:38:31.237000+00:00,2025-06-26 20:43:38.085000+00:00,user_00039,5.114133333333333,1,2,7,2,0.0,0.0,1.0,0.0,Yandex Browser,Android,True,25.4.4,15,RU,Transbaikal Territory
2025-06-26 20:50:06.156000+00:00,2025-06-26 20:50:06.156000+00:00,user_00039,0.0,1,3,1,0,0.0,0.0,0.0,0.0,Yandex Browser,Android,True,25.4.4,15,RU,Transbaikal Territory
2025-06-27 15:58:34.092000+00:00,2025-06-27 16:01:34.412000+00:00,user_00039,3.005333333333333,1,4,4,0,0.0,0.0,0.0,0.0,Yandex Browser,Android,True,25.4.4,15,RU,Transbaikal Territory
2025-06-28 01:56:11.720000+00:00,2025-06-28 02:00:24.153000+00:00,user_00039,4.207216666666667,1,5,4,0,0.0,0.0,0.0,0.0,Yandex Browser,Android,True,25.4.4,15,RU,Transbaikal Territory
2025-06-19 01:23:55.427000+00:00,2025-06-19 01:49:47.397000+00:00,user_00040,25.86616666666667,1,1,33,22,1.0,0.0,8.0,2.0,Chrome Mobile,Android,True,137.0.0,10,RU,Irkutsk Oblast
2025-06-19 02:05:57.285000+00:00,2025-06-19 02:09:19.134000+00:00,user_00040,3.36415,1,2,8,4,0.0,2.0,0.0,0.0,Mobile Safari,iOS,True,18.5,18.5,RU,Irkutsk Oblast
2025-06-19 02:23:47.692000+00:00,2025-06-19 02:27:14.551000+00:00,user_00040,3.4476500000000003,1,3,16,12,0.0,6.0,0.0,0.0,Mobile Safari,iOS,True,18.5,18.5,RU,Irkutsk Oblast
2025-06-24 03:48:34.679000+00:00,2025-06-24 03:51:32.029000+00:00,user_00040,2.955833333333333,1,4,14,10,0.0,5.0,0.0,0.0,Mobile Safari,iOS,True,18.5,18.5,RU,Irkutsk Oblast
2025-06-23 15:55:44.489000+00:00,2025-06-23 16:01:17.857000+00:00,user_00041,5.556133333333333,0,1,4,1,0.0,0.0,0.0,1.0,MiuiBrowser,Android,True,14.35.0,10,RU,Transbaikal Territory
2025-06-28 05:40:38.570000+00:00,2025-06-28 05:46:26.794000+00:00,user_00041,5.803733333333333,0,2,3,1,0.0,0.0,0.0,1.0,Chrome Mobile WebView,Android,True,137.0.7151,14,RU,Transbaikal Territory
2025-06-30 09:05:39.578000+00:00,2025-06-30 09:47:35.679000+00:00,user_00041,41.93501666666667,0,3,176,167,43.0,1.0,40.0,0.0,Chrome Mobile,Android,True,137.0.0,10,RU,
2025-06-30 13:26:24.663000+00:00,2025-06-30 13:31:48.388000+00:00,user_00041,5.395416666666667,1,4,13,9,1.0,0.0,3.0,0.0,Chrome Mobile,Android,True,137.0.0,10,RU,
2025-06-30 13:40:44.459000+00:00,2025-06-30 13:48:02.296000+00:00,user_00041,7.297283333333334,1,5,3,0,0.0,0.0,0.0,0.0,Chrome Mobile,Android,True,137.0.0,10,RU,
2025-06-30 13:49:36.652000+00:00,2025-06-30 13:55:27.627000+00:00,user_00041,5.849583333333333,0,6,2,0,0.0,0.0,0.0,0.0,Chrome Mobile,Android,True,137.0.0,10,RU,
2025-07-01 14:34:48.941000+00:00,2025-07-01 14:38:45.831000+00:00,user_00041,3.9481666666666664,1,7,10,6,1.0,0.0,2.0,0.0,Chrome Mobile,Android,True,137.0.0,10,RU,
2025-07-01 14:49:09.737000+00:00,2025-07-01 14:49:09.737000+00:00,user_00041,0.0,1,8,1,0,0.0,0.0,0.0,0.0,Chrome Mobile,Android,True,137.0.0,10,RU,
2025-06-26 12:38:33.091000+00:00,2025-06-26 12:49:33.103000+00:00,user_00042,11.0002,1,1,10,6,0.0,0.0,2.0,1.0,Yandex Browser,Windows,False,25.4.0,10,RU,Irkutsk Oblast
2025-06-26 13:09:22.733000+00:00,2025-06-26 13:12:33.679000+00:00,user_00042,3.1824333333333334,1,2,4,0,0.0,0.0,0.0,0.0,Yandex Browser,Windows,False,25.4.0,10,RU,Irkutsk Oblast
2025-06-27 03:30:11.360000+00:00,2025-06-27 03:34:23.504000+00:00,user_00043,4.2024,0,1,4,3,0.0,0.0,0.0,3.0,Chrome,Windows,False,138.0.0,10,RU,Irkutsk Oblast
2025-06-27 07:48:58.577000+00:00,2025-06-27 07:53:26.254000+00:00,user_00043,4.461283333333333,1,2,8,4,0.0,1.0,1.0,0.0,Chrome,Windows,False,138.0.0,10,RU,Irkutsk Oblast
2025-06-27 15:00:40.870000+00:00,2025-06-27 15:12:43.217000+00:00,user_00044,12.039116666666667,0,1,4,2,0.0,0.0,0.0,2.0,Yandex Browser,Windows,False,25.4.0,10,RU,Irkutsk Oblast
2025-06-30 14:13:46.339000+00:00,2025-06-30 14:37:16.356000+00:00,user_00044,23.500283333333336,0,2,8,5,0.0,0.0,0.0,3.0,Yandex Browser,Windows,False,25.4.0,10,RU,Irkutsk Oblast
2025-07-02 03:26:33.389000+00:00,2025-07-02 03:32:16.774000+00:00,user_00044,5.723083333333333,1,3,13,8,0.0,2.0,2.0,0.0,Yandex Browser,Windows,False,25.4.0,10,RU,Transbaikal Territory
2025-06-29 10:36:27.979000+00:00,2025-06-29 10:39:02.983000+00:00,user_00045,2.5833999999999997,0,1,3,0,0.0,0.0,0.0,0.0,MiuiBrowser,Android,True,12.13.2,11,RU,Transbaikal Territory
2025-06-30 01:44:08.092000+00:00,2025-06-30 01:55:22.523000+00:00,user_00045,11.240516666666668,0,2,14,11,1.0,0.0,4.0,1.0,MiuiBrowser,Android,True,12.13.2,11,RU,Transbaikal Territory
2025-06-30 15:42:19.033000+00:00,2025-06-30 15:54:11.954000+00:00,user_00045,11.882016666666667,1,3,9,5,2.0,0.0,0.0,0.0,Yandex Browser,Android,True,24.77.1,11,RU,Transbaikal Territory
2025-07-01 08:11:09.812000+00:00,2025-07-01 08:14:07.697000+00:00,user_00045,2.96475,1,4,4,0,0.0,0.0,0.0,0.0,Yandex Browser,Android,True,24.77.1,11,RU,Transbaikal Territory
2025-07-02 01:33:35.056000+00:00,2025-07-02 01:36:34.808000+00:00,user_00045,2.9958666666666667,1,5,6,2,1.0,0.0,0.0,0.0,Yandex Browser,Android,True,24.77.1,11,RU,Transbaikal Territory
2025-07-03 05:30:26.361000+00:00,2025-07-03 05:33:21.953000+00:00,user_00045,2.9265333333333334,1,6,6,2,1.0,0.0,0.0,0.0,Yandex Browser,Android,True,24.77.1,11,RU,Transbaikal Territory
2025-07-03 05:42:38.738000+00:00,2025-07-03 05:45:30.170000+00:00,user_00045,2.8571999999999997,1,7,4,0,0.0,0.0,0.0,0.0,Yandex Browser,Android,True,24.77.1,11,RU,Transbaikal Territory
2025-07-04 01:00:14.968000+00:00,2025-07-04 01:03:46.182000+00:00,user_00045,3.520233333333333,1,8,7,2,1.0,0.0,0.0,0.0,Yandex Browser,Android,True,24.77.1,11,RU,Transbaikal Territory
2025-07-04 01:09:58.452000+00:00,2025-07-04 01:20:15.665000+00:00,user_00045,10.286883333333332,1,9,5,0,0.0,0.0,0.0,0.0,Yandex Browser,Android,True,24.77.1,11,RU,Transbaikal Territory
2025-07-01 12:19:44.369000+00:00,2025-07-01 12:31:19.320000+00:00,user_00046,11.582516666666667,0,1,5,1,0.0,0.0,0.0,1.0,Chrome Mobile,Android,True,137.0.0,10,RU,Transbaikal Territory
2025-07-02 00:17:38.292000+00:00,2025-07-02 00:22:42.114000+00:00,user_00046,5.0637,1,2,26,22,11.0,0.0,0.0,0.0,Chrome,Windows,False,138.0.0,10,RU,Transbaikal Territory
2025-07-01 23:19:37.531000+00:00,2025-07-01 23:23:57.765000+00:00,user_00047,4.337233333333333,1,1,8,4,1.0,0.0,0.0,1.0,Chrome,Windows,False,138.0.0,10,RU,Transbaikal Territory
2025-07-02 12:29:51.525000+00:00,2025-07-02 12:35:38.734000+00:00,user_00047,5.786816666666667,1,2,6,2,0.0,1.0,0.0,0.0,Chrome,Windows,False,138.0.0,10,RU,Transbaikal Territory
2025-07-02 15:59:46.970000+00:00,2025-07-02 16:03:32.752000+00:00,user_00048,3.7630333333333335,0,1,7,0,0.0,0.0,0.0,0.0,Yandex Browser,Android,True,25.26.1,13,RU,Kemerovo Oblast
2025-07-30 07:46:46.332000+00:00,2025-07-30 07:50:12.712000+00:00,user_00048,3.4396666666666667,1,2,4,0,0.0,0.0,0.0,0.0,Chrome,Windows,False,138.0.0,10,RU,Transbaikal Territory
2025-07-30 07:56:15.035000+00:00,2025-07-30 08:02:00.507000+00:00,user_00048,5.757866666666667,1,3,4,0,0.0,0.0,0.0,0.0,Chrome,Windows,False,138.0.0,10,RU,Transbaikal Territory
2025-07-02 12:11:26.323000+00:00,2025-07-02 12:14:57.093000+00:00,user_00049,3.5128333333333335,1,1,10,6,2.0,0.0,0.0,1.0,Chrome,Windows,False,138.0.0,10,RU,Transbaikal Territory
2025-07-03 04:42:36.404000+00:00,2025-07-03 04:52:18.448000+00:00,user_00050,9.700733333333334,0,1,4,1,0.0,0.0,0.0,1.0,Mobile Safari,iOS,True,17.6,17.6.1,RU,
2025-07-03 06:07:33.310000+00:00,2025-07-03 06:14:32.146000+00:00,user_00050,6.9806,1,2,9,5,0.0,0.0,2.0,0.0,Mobile Safari,iOS,True,17.6,17.6.1,RU,
2025-07-03 06:22:50.676000+00:00,2025-07-03 06:22:50.676000+00:00,user_00050,0.0,1,3,1,0,0.0,0.0,0.0,0.0,Mobile Safari,iOS,True,17.6,17.6.1,RU,
2025-07-30 08:07:07.202000+00:00,2025-07-30 08:11:42.760000+00:00,user_00053,4.592633333333334,1,1,8,4,2.0,0.0,0.0,0.0,Chrome,Windows,False,138.0.0,10,RU,Transbaikal Territory
2025-07-30 08:15:04.674000+00:00,2025-07-30 08:21:52.070000+00:00,user_00053,6.789933333333334,1,2,4,0,0.0,0.0,0.0,0.0,Chrome,Windows,False,138.0.0,10,RU,Transbaikal Territory
2025-12-16 01:14:30.439000+00:00,2025-12-16 01:20:35.068000+00:00,user_00054,6.0771500000000005,1,1,7,3,0.0,0.0,0.0,2.0,Chrome,Windows,False,143.0.0,10,RU,
2025-12-16 04:54:33.502000+00:00,2025-12-16 04:57:30.515000+00:00,user_00054,2.950216666666667,1,2,4,0,0.0,0.0,0.0,0.0,Chrome,Windows,False,143.0.0,10,RU,
2026-02-20 05:58:46.397000+00:00,2026-02-20 06:02:57.900000+00:00,user_00055,4.191716666666666,1,1,11,6,0.0,0.0,3.0,0.0,Mobile Safari,iOS,True,26.2,18.7,RU,Samara Oblast
2026-02-20 06:07:40.793000+00:00,2026-02-20 06:07:40.793000+00:00,user_00055,0.0,1,2,1,0,0.0,0.0,0.0,0.0,Mobile Safari,iOS,True,26.2,18.7,RU,Samara Oblast
2026-02-20 07:12:45.059000+00:00,2026-02-20 07:15:44.211000+00:00,user_00055,2.9858666666666664,1,3,4,0,0.0,0.0,0.0,0.0,Mobile Safari,iOS,True,26.2,18.7,RU,Samara Oblast
2026-02-20 06:39:29.794000+00:00,2026-02-20 06:45:53.226000+00:00,user_00056,6.390533333333334,0,1,6,3,0.0,0.0,0.0,2.0,Yandex Browser,Windows,False,25.12.0,10,RU,Moscow Oblast
2026-02-20 07:19:59.014000+00:00,2026-02-20 07:30:01.028000+00:00,user_00056,10.033566666666667,1,2,8,3,0.0,0.0,0.0,1.0,Yandex Browser,Windows,False,25.12.0,10,RU,Moscow Oblast
2026-02-20 07:32:44.088000+00:00,2026-02-20 07:38:42.486000+00:00,user_00056,5.9733,1,3,7,3,0.0,0.0,0.0,2.0,Edge,Windows,False,145.0.0,10,RU,Moscow Oblast
2026-02-20 07:43:11.470000+00:00,2026-02-20 07:45:56.609000+00:00,user_00056,2.7523166666666667,1,4,4,0,0.0,0.0,0.0,0.0,Edge,Windows,False,145.0.0,10,RU,Moscow Oblast
2026-02-22 09:28:40.069000+00:00,2026-02-22 09:35:31.133000+00:00,user_00057,6.851066666666667,1,1,10,6,3.0,0.0,0.0,0.0,Edge,Windows,False,145.0.0,10,RU,Moscow Oblast
2026-02-22 23:22:49.962000+00:00,2026-02-22 23:33:54.939000+00:00,user_00057,11.08295,1,2,34,28,13.0,0.0,0.0,1.0,Chrome Mobile,Android,True,144.0.0,10,RU,Moscow Oblast
2026-02-22 11:14:57.659000+00:00,2026-02-22 11:20:19.452000+00:00,user_00058,5.363216666666667,1,1,4,0,0.0,0.0,0.0,0.0,Mobile Safari,iOS,True,26.2,18.7,RU,Primorye
2026-02-22 23:07:42.099000+00:00,2026-02-22 23:12:56.809000+00:00,user_00059,5.245166666666666,1,1,8,4,0.0,0.0,2.0,0.0,Mobile Safari,iOS,True,26.2,18.7,AT,Vienna
2026-02-22 23:20:32.315000+00:00,2026-02-22 23:23:41.954000+00:00,user_00059,3.16065,1,2,6,2,0.0,1.0,0.0,0.0,Mobile Safari,iOS,True,26.2,18.7,RU,Primorye
2026-02-22 23:29:42.435000+00:00,2026-02-22 23:33:16.728000+00:00,user_00059,3.5715500000000002,1,3,4,0,0.0,0.0,0.0,0.0,Mobile Safari,iOS,True,26.2,18.7,RU,Primorye
2026-02-23 07:24:01.651000+00:00,2026-02-23 07:36:38.041000+00:00,user_00060,12.6065,0,1,35,32,13.0,1.0,2.0,0.0,Yandex Browser,Android,True,25.12.7,16,RU,Primorye
2026-02-23 07:48:32.360000+00:00,2026-02-23 07:56:22.595000+00:00,user_00060,7.83725,1,2,15,10,4.0,0.0,1.0,0.0,Yandex Browser,Android,True,25.12.7,16,RU,Primorye
2026-02-24 05:33:55.391000+00:00,2026-02-24 05:37:45.109000+00:00,user_00062,3.8286333333333333,1,1,8,2,1.0,0.0,0.0,0.0,Mobile Safari,iOS,True,26.2,18.7,RU,Primorye
2026-02-24 05:51:49.273000+00:00,2026-02-24 05:54:57.385000+00:00,user_00062,3.1351999999999998,1,2,4,0,0.0,0.0,0.0,0.0,Mobile Safari,iOS,True,26.2,18.7,RU,Primorye
2026-02-25 05:37:58.669000+00:00,2026-02-25 05:51:20.860000+00:00,user_00065,13.369850000000001,1,1,39,33,14.0,0.0,5.0,0.0,Mobile Safari,iOS,True,26.2,18.7,RU,Primorye
2026-02-25 06:01:42.171000+00:00,2026-02-25 06:07:47.367000+00:00,user_00065,6.086600000000001,1,2,6,0,0.0,0.0,0.0,0.0,Mobile Safari,iOS,True,26.2,18.7,RU,Primorye
2026-02-26 11:23:34.998000+00:00,2026-02-26 11:26:48.185000+00:00,user_00066,3.2197833333333334,1,1,4,0,0.0,0.0,0.0,0.0,Edge,Windows,False,145.0.0,10,PL,Mazovia
2026-02-26 12:52:45.318000+00:00,2026-02-26 12:57:30.116000+00:00,user_00067,4.7466333333333335,1,1,11,6,2.0,0.0,1.0,0.0,Chrome Mobile,Android,True,144.0.7559,14,RU,Primorye
2026-02-27 07:26:19.157000+00:00,2026-02-27 07:30:38.688000+00:00,user_00068,4.325516666666667,1,1,8,2,0.0,0.0,1.0,0.0,Chrome Mobile,Android,True,138.0.0,10,US,
2026-02-27 08:06:24.370000+00:00,2026-02-27 08:12:36.236000+00:00,user_00068,6.197766666666666,1,2,9,2,1.0,0.0,0.0,0.0,Chrome Mobile,Android,True,145.0.0,10,AT,
2026-03-01 07:51:15.119000+00:00,2026-03-01 07:54:09.543000+00:00,user_00068,2.9070666666666667,1,3,4,0,0.0,0.0,0.0,0.0,Chrome Mobile,Android,True,145.0.0,10,RU,Primorye
2026-02-27 08:57:56.698000+00:00,2026-02-27 09:02:45.743000+00:00,user_00069,4.817416666666667,1,1,4,0,0.0,0.0,0.0,0.0,Mobile Safari,iOS,True,26.3,18.7,RU,Primorye
2026-02-27 09:04:44.144000+00:00,2026-02-27 09:04:44.144000+00:00,user_00069,0.0,1,2,1,0,0.0,0.0,0.0,0.0,Mobile Safari,iOS,True,26.3,18.7,RU,Primorye
2026-02-28 05:48:35.584000+00:00,2026-02-28 05:54:41.586000+00:00,user_00070,6.100033333333333,1,1,20,16,0.0,1.0,6.0,1.0,Chrome,Windows,False,145.0.0,10,RU,Sakha
2026-02-28 05:58:21.870000+00:00,2026-02-28 05:58:21.870000+00:00,user_00070,0.0,1,2,1,0,0.0,0.0,0.0,0.0,Chrome,Windows,False,145.0.0,10,RU,Sakha
2026-02-28 10:01:00.831000+00:00,2026-02-28 10:01:33.759000+00:00,user_00071,0.5488,1,1,5,2,1.0,0.0,0.0,0.0,Chrome Mobile,Android,True,145.0.7632,15,RU,Primorye
2026-02-28 12:00:17.785000+00:00,2026-02-28 12:03:06.988000+00:00,user_00071,2.82005,1,2,4,0,0.0,0.0,0.0,0.0,Chrome Mobile,Android,True,145.0.7632,15,RU,Primorye
2026-02-28 12:12:12.456000+00:00,2026-02-28 12:14:56.851000+00:00,user_00071,2.739916666666667,1,3,4,0,0.0,0.0,0.0,0.0,Chrome Mobile,Android,True,145.0.7632,15,RU,Primorye
2026-02-28 14:25:37.740000+00:00,2026-02-28 14:30:41.673000+00:00,user_00072,5.06555,1,1,7,2,0.0,0.0,1.0,0.0,Chrome Mobile,Android,True,145.0.0,10,RU,Primorye
2026-03-01 04:59:49.225000+00:00,2026-03-01 05:03:54.791000+00:00,user_00073,4.092766666666667,1,1,10,6,0.0,0.0,3.0,0.0,Edge,Windows,False,145.0.0,10,RU,Moscow Oblast
2026-03-01 12:14:23.403000+00:00,2026-03-01 12:19:19.493000+00:00,user_00074,4.934833333333333,0,1,6,3,0.0,0.0,0.0,2.0,Chrome Mobile,Android,True,101.0.0,11,DE,Hesse
2026-03-03 22:04:34.876000+00:00,2026-03-03 22:09:15.369000+00:00,user_00074,4.674883333333333,0,2,5,3,0.0,0.0,0.0,2.0,MiuiBrowser,Android,True,14.22.1,10,RU,
2026-03-04 10:33:15.556000+00:00,2026-03-04 10:37:02.335000+00:00,user_00074,3.7796499999999997,1,3,7,3,0.0,0.0,1.0,0.0,Edge,Windows,False,145.0.0,10,RU,Moscow Oblast
2026-03-04 10:46:05.950000+00:00,2026-03-04 10:46:05.950000+00:00,user_00074,0.0,1,4,1,0,0.0,0.0,0.0,0.0,Edge,Windows,False,145.0.0,10,RU,Moscow Oblast
2026-03-04 10:56:16.930000+00:00,2026-03-04 10:59:51.209000+00:00,user_00074,3.5713166666666667,1,5,6,2,0.0,1.0,0.0,0.0,Edge,Windows,False,145.0.0,10,RU,Moscow Oblast
2026-03-03 00:07:47.552000+00:00,2026-03-03 00:10:52.659000+00:00,user_00075,3.0851166666666665,1,1,4,0,0.0,0.0,0.0,0.0,Edge,Windows,False,145.0.0,10,RU,Moscow Oblast
2026-03-03 02:10:30.227000+00:00,2026-03-03 02:13:36.123000+00:00,user_00076,3.0982666666666665,1,1,4,0,0.0,0.0,0.0,0.0,Edge,Windows,False,145.0.0,10,RU,Moscow Oblast
2026-03-03 02:17:49.305000+00:00,2026-03-03 02:21:00.725000+00:00,user_00076,3.1903333333333332,1,2,6,2,0.0,0.0,0.0,1.0,Edge,Windows,False,145.0.0,10,RU,Moscow Oblast
2026-03-03 12:40:45.097000+00:00,2026-03-03 12:52:05.296000+00:00,user_00077,11.336649999999999,1,1,14,10,2.0,0.0,1.0,2.0,Chrome Mobile,Android,True,145.0.0,10,RU,Primorye
2026-03-05 11:33:47.768000+00:00,2026-03-05 11:39:31.359000+00:00,user_00078,5.726516666666667,1,1,6,0,0.0,0.0,0.0,0.0,Chrome Mobile,Android,True,145.0.0,10,RU,Irkutsk Oblast
2026-03-05 11:42:22.347000+00:00,2026-03-05 11:42:22.347000+00:00,user_00078,0.0,1,2,1,0,0.0,0.0,0.0,0.0,Chrome Mobile,Android,True,145.0.0,10,RU,Irkutsk Oblast
2026-03-05 11:45:12.624000+00:00,2026-03-05 11:46:52.673000+00:00,user_00079,1.6674833333333334,1,1,5,2,0.0,0.0,1.0,0.0,Chrome Mobile,Android,True,145.0.0,10,RU,Primorye
2026-03-05 12:18:47.206000+00:00,2026-03-05 12:26:08.861000+00:00,user_00080,7.360916666666666,1,1,7,2,0.0,0.0,1.0,0.0,Yandex Browser,Android,True,26.30.1,16,RU,Primorye
2026-03-05 12:29:17.272000+00:00,2026-03-05 12:29:17.272000+00:00,user_00080,0.0,1,2,1,0,0.0,0.0,0.0,0.0,Yandex Browser,Android,True,26.30.1,16,RU,Primorye
2026-03-05 12:31:25.542000+00:00,2026-03-05 12:37:58.705000+00:00,user_00081,6.552716666666667,1,1,13,8,4.0,0.0,0.0,0.0,Samsung Internet,Android,True,29.0,10,RU,Primorye
2026-03-06 03:56:25.323000+00:00,2026-03-06 04:03:21.767000+00:00,user_00081,6.940733333333333,0,2,6,0,0.0,0.0,0.0,0.0,Samsung Internet,Android,True,29.0,10,RU,Primorye
2026-03-06 11:23:00.784000+00:00,2026-03-06 11:29:19.195000+00:00,user_00081,6.30685,1,3,4,0,0.0,0.0,0.0,0.0,Samsung Internet,Android,True,29.0,10,RU,Primorye
2026-03-06 11:36:49.319000+00:00,2026-03-06 11:36:49.319000+00:00,user_00081,0.0,1,4,1,0,0.0,0.0,0.0,0.0,Samsung Internet,Android,True,29.0,10,RU,Primorye
2026-03-06 12:56:42.015000+00:00,2026-03-06 12:57:18.336000+00:00,user_00081,0.6053499999999999,1,5,3,0,0.0,0.0,0.0,0.0,Samsung Internet,Android,True,29.0,10,RU,Primorye
2026-03-06 09:35:10.265000+00:00,2026-03-06 09:40:06.573000+00:00,user_00082,4.938466666666667,1,1,4,0,0.0,0.0,0.0,0.0,Yandex Browser,Android,True,26.3.0,15,RU,Primorye
2026-03-07 00:56:38.772000+00:00,2026-03-07 00:59:41.541000+00:00,user_00082,3.04615,1,2,7,2,1.0,0.0,0.0,0.0,Yandex Browser,Android,True,26.3.0,15,RU,Primorye
2026-03-07 01:05:06.099000+00:00,2026-03-07 01:08:18.999000+00:00,user_00082,3.2150000000000003,1,3,6,2,0.0,0.0,0.0,1.0,Yandex Browser,Android,True,26.3.0,15,RU,Primorye
2026-03-07 01:12:41.304000+00:00,2026-03-07 01:18:12.276000+00:00,user_00082,5.5161999999999995,1,4,5,0,0.0,0.0,0.0,0.0,Yandex Browser,Android,True,26.3.0,15,RU,Primorye
2026-03-06 14:37:02.262000+00:00,2026-03-06 14:45:29.407000+00:00,user_00083,8.452416666666666,1,1,5,0,0.0,0.0,0.0,0.0,Chrome Mobile,Android,True,138.0.0,10,US,Primorye
2026-03-07 00:51:20.323000+00:00,2026-03-07 00:59:34.433000+00:00,user_00083,8.235166666666666,1,2,6,2,1.0,0.0,0.0,0.0,Chrome Mobile,Android,True,143.0.0,10,RU,Primorye
2026-03-06 09:45:45.953000+00:00,2026-03-06 09:47:39.075000+00:00,user_00084,1.8853666666666666,0,1,3,0,0.0,0.0,0.0,0.0,Mobile Safari,iOS,True,26.1,18.7,RU,Primorye
2026-03-06 09:51:45.456000+00:00,2026-03-06 10:03:41.635000+00:00,user_00085,11.936316666666666,1,1,12,4,0.0,0.0,1.0,1.0,MiuiBrowser,Android,True,14.51.0,14,RU,Irkutsk Oblast
2026-03-06 10:08:50.011000+00:00,2026-03-06 10:12:45.440000+00:00,user_00085,3.9238166666666667,1,2,4,0,0.0,0.0,0.0,0.0,Yandex Browser,Android,True,25.12.8,14,RU,Irkutsk Oblast
2026-03-06 10:16:42.977000+00:00,2026-03-06 10:16:42.977000+00:00,user_00085,0.0,1,3,1,0,0.0,0.0,0.0,0.0,Yandex Browser,Android,True,25.12.8,14,RU,Irkutsk Oblast
2026-03-06 10:18:35.458000+00:00,2026-03-06 10:22:39.129000+00:00,user_00085,4.061183333333333,1,4,4,0,0.0,0.0,0.0,0.0,Yandex Browser,Android,True,25.12.8,14,RU,Irkutsk Oblast
2026-03-06 10:27:17.117000+00:00,2026-03-06 10:31:17.194000+00:00,user_00085,4.001283333333333,1,5,4,0,0.0,0.0,0.0,0.0,Yandex Browser,Android,True,25.12.8,14,RU,Irkutsk Oblast
2026-03-06 10:35:59.528000+00:00,2026-03-06 10:39:50.174000+00:00,user_00085,3.8440999999999996,1,6,4,0,0.0,0.0,0.0,0.0,Yandex Browser,Android,True,25.12.8,14,RU,Irkutsk Oblast
2026-03-07 09:47:00.624000+00:00,2026-03-07 09:50:59.007000+00:00,user_00085,3.97305,1,7,4,0,0.0,0.0,0.0,0.0,Yandex Browser,Android,True,25.12.8,14,RU,Irkutsk Oblast
2026-03-07 09:54:57.009000+00:00,2026-03-07 09:58:51.363000+00:00,user_00085,3.9059000000000004,1,8,4,0,0.0,0.0,0.0,0.0,Yandex Browser,Android,True,25.12.8,14,RU,Irkutsk Oblast
2026-03-06 10:37:16.417000+00:00,2026-03-06 10:42:01.141000+00:00,user_00086,4.7454,1,1,8,4,0.0,0.0,2.0,0.0,Yandex Browser,Android,True,25.126.1,12,RU,Primorye
2026-03-07 00:45:22.630000+00:00,2026-03-07 00:49:38.082000+00:00,user_00086,4.257533333333333,1,2,8,4,0.0,0.0,0.0,2.0,Yandex Browser,Android,True,25.126.1,12,RU,Primorye
2026-03-07 01:01:25.483000+00:00,2026-03-07 01:04:20.014000+00:00,user_00086,2.90885,1,3,4,0,0.0,0.0,0.0,0.0,Yandex Browser,Android,True,25.126.1,12,RU,Primorye
2026-03-07 01:07:42.911000+00:00,2026-03-07 01:10:16.167000+00:00,user_00086,2.5542666666666665,1,4,4,0,0.0,0.0,0.0,0.0,Yandex Browser,Android,True,25.126.1,12,RU,Primorye
2026-03-06 10:54:30.869000+00:00,2026-03-06 11:04:11.938000+00:00,user_00087,9.684483333333333,1,1,14,8,4.0,0.0,0.0,0.0,Chrome Mobile,Android,True,144.0.0,10,RU,Primorye
2026-03-07 01:50:21.594000+00:00,2026-03-07 02:00:50.869000+00:00,user_00087,10.487916666666667,1,2,11,4,1.0,0.0,0.0,1.0,Chrome Mobile,Android,True,144.0.0,10,RU,Primorye
2026-03-07 02:05:41.777000+00:00,2026-03-07 02:10:27.240000+00:00,user_00087,4.757716666666667,1,3,7,2,0.0,1.0,0.0,0.0,Chrome Mobile,Android,True,144.0.0,10,RU,Primorye
2026-03-06 10:55:06.325000+00:00,2026-03-06 11:01:52.184000+00:00,user_00088,6.764316666666667,1,1,16,12,3.0,0.0,3.0,0.0,Chrome Mobile,Android,True,145.0.7632,16,RU,Amur Oblast
2026-03-07 04:12:09.364000+00:00,2026-03-07 04:15:20.823000+00:00,user_00088,3.1909833333333335,1,2,4,0,0.0,0.0,0.0,0.0,Chrome Mobile,Android,True,145.0.7632,16,RU,Primorye
2026-03-07 04:18:32.735000+00:00,2026-03-07 04:22:08.650000+00:00,user_00088,3.598583333333333,1,3,5,0,0.0,0.0,0.0,0.0,Chrome Mobile,Android,True,145.0.7632,16,RU,Primorye
2026-03-07 04:25:30.856000+00:00,2026-03-07 04:25:30.856000+00:00,user_00088,0.0,1,4,1,0,0.0,0.0,0.0,0.0,Chrome Mobile,Android,True,145.0.7632,16,RU,Primorye
2026-03-06 12:51:21.212000+00:00,2026-03-06 13:10:52.291000+00:00,user_00089,19.517983333333333,0,1,11,5,0.0,0.0,0.0,3.0,MiuiBrowser,Android,True,14.51.0,16,RU,Primorye
2026-03-06 13:20:55.430000+00:00,2026-03-06 13:29:24.728000+00:00,user_00089,8.4883,1,2,14,7,1.0,0.0,2.0,0.0,Chrome Mobile,Android,True,145.0.0,10,RU,Primorye
2026-03-06 13:37:37.665000+00:00,2026-03-06 13:46:43.550000+00:00,user_00089,9.098083333333333,0,3,24,22,11.0,0.0,0.0,0.0,Chrome Mobile,Android,True,145.0.0,10,RU,Primorye
2026-03-07 11:46:04.972000+00:00,2026-03-07 11:50:31.816000+00:00,user_00089,4.4474,1,4,6,2,0.0,1.0,0.0,0.0,Chrome Mobile,Android,True,145.0.0,10,RU,Primorye
2026-03-06 14:43:30.827000+00:00,2026-03-06 14:56:21.758000+00:00,user_00090,12.84885,1,1,31,25,6.0,0.0,7.0,0.0,Mobile Safari,iOS,True,17.1.2,17.1.2,RU,Primorye
2026-03-07 00:13:04.279000+00:00,2026-03-07 00:17:28.044000+00:00,user_00091,4.396083333333333,1,1,8,4,2.0,0.0,0.0,0.0,Edge,Windows,False,145.0.0,10,RU,Moscow Oblast
2026-03-07 00:28:57.316000+00:00,2026-03-07 00:32:02.558000+00:00,user_00091,3.0873666666666666,1,2,4,0,0.0,0.0,0.0,0.0,Edge,Windows,False,145.0.0,10,RU,Moscow Oblast
2026-03-07 01:32:36.515000+00:00,2026-03-07 01:46:19.730000+00:00,user_00092,13.72025,1,1,11,4,1.0,0.0,0.0,1.0,Yandex Browser,Android,True,25.127.1,15,RU,Primorye
2026-03-07 01:49:34.986000+00:00,2026-03-07 01:55:18.824000+00:00,user_00092,5.7306333333333335,1,2,4,0,0.0,0.0,0.0,0.0,Yandex Browser,Android,True,25.126.1,12,RU,Primorye
2026-03-07 00:55:25.068000+00:00,2026-03-07 01:02:56.749000+00:00,user_00093,7.528016666666667,1,1,6,0,0.0,0.0,0.0,0.0,Yandex Browser,Windows,False,25.12.0,10,RU,Moscow Oblast
2026-03-07 01:03:27.894000+00:00,2026-03-07 01:18:06.523000+00:00,user_00094,14.643816666666668,1,1,7,0,0.0,0.0,0.0,0.0,Chrome Mobile,Android,True,145.0.7632,13,RU,
2026-03-07 01:28:53.127000+00:00,2026-03-07 01:28:53.127000+00:00,user_00094,0.0,1,2,1,0,0.0,0.0,0.0,0.0,Chrome Mobile,Android,True,145.0.7632,13,RU,
2026-03-07 01:30:11.238000+00:00,2026-03-07 01:34:08.395000+00:00,user_00094,3.9526166666666667,1,3,7,2,1.0,0.0,0.0,0.0,Chrome Mobile,Android,True,145.0.7632,13,RU,
2026-03-07 01:06:22.670000+00:00,2026-03-07 01:13:49.132000+00:00,user_00095,7.441033333333333,1,1,7,2,1.0,0.0,0.0,0.0,Yandex Browser,Android,True,26.3.0,14,RU,Primorye
2026-03-07 01:22:42.139000+00:00,2026-03-07 01:26:05.875000+00:00,user_00095,3.3956,1,2,4,0,0.0,0.0,0.0,0.0,Yandex Browser,Android,True,26.3.0,14,RU,Primorye
2026-03-07 01:41:08.441000+00:00,2026-03-07 01:49:24.623000+00:00,user_00096,8.2697,1,1,9,2,0.0,1.0,0.0,0.0,Yandex Browser,Android,True,26.3.0,14,RU,Primorye
2026-03-07 02:25:02.129000+00:00,2026-03-07 02:28:13.398000+00:00,user_00097,3.187816666666667,1,1,4,0,0.0,0.0,0.0,0.0,Edge,Windows,False,145.0.0,10,RU,Moscow Oblast
2026-03-07 02:30:06.566000+00:00,2026-03-07 02:34:11.387000+00:00,user_00097,4.08035,1,2,2,0,0.0,0.0,0.0,0.0,Edge,Windows,False,145.0.0,10,RU,Moscow Oblast
2026-03-07 02:30:37.069000+00:00,2026-03-07 02:36:49.662000+00:00,user_00098,6.209883333333334,0,1,11,8,0.0,0.0,4.0,0.0,Mobile Safari,iOS,True,26.2.1,18.7,NL,North Holland
2026-03-07 03:57:23.243000+00:00,2026-03-07 04:01:24.899000+00:00,user_00099,4.0276000000000005,1,1,6,2,0.0,0.0,0.0,1.0,Chrome Mobile,Android,True,145.0.7632,15,RU,Primorye
2026-03-07 04:13:39.160000+00:00,2026-03-07 04:16:42.607000+00:00,user_00100,3.0574500000000002,1,1,4,0,0.0,0.0,0.0,0.0,Edge,Windows,False,145.0.0,10,RU,Moscow Oblast
2026-03-07 04:29:21.704000+00:00,2026-03-07 04:32:22.259000+00:00,user_00100,3.00925,1,2,8,4,0.0,1.0,0.0,1.0,Edge,Windows,False,145.0.0,10,RU,Moscow Oblast
2026-03-07 04:17:05.720000+00:00,2026-03-07 04:20:43.684000+00:00,user_00101,3.6327333333333334,1,1,4,0,0.0,0.0,0.0,0.0,Chrome Mobile,Android,True,145.0.7632,13,RU,Primorye
2026-03-07 04:29:44.715000+00:00,2026-03-07 04:40:24.977000+00:00,user_00101,10.671033333333332,1,2,3,0,0.0,0.0,0.0,0.0,Chrome Mobile,Android,True,145.0.7632,16,RU,Primorye
2026-03-07 04:41:21.351000+00:00,2026-03-07 04:59:23.860000+00:00,user_00101,18.041816666666666,1,3,11,4,1.0,0.0,0.0,1.0,Chrome Mobile,Android,True,145.0.7632,16,RU,Primorye
2026-03-07 04:28:57.756000+00:00,2026-03-07 04:33:09.558000+00:00,user_00102,4.1967,1,1,8,4,2.0,0.0,0.0,0.0,Chrome Mobile WebView,Android,True,145.0.7632,15,RU,Primorye
2026-03-07 04:39:00.019000+00:00,2026-03-07 04:43:04.025000+00:00,user_00102,4.066766666666667,0,2,2,0,0.0,0.0,0.0,0.0,Chrome Mobile WebView,Android,True,145.0.7632,15,RU,Primorye
2026-03-07 04:41:33.720000+00:00,2026-03-07 04:51:18.578000+00:00,user_00103,9.747633333333333,1,1,31,26,12.0,0.0,0.0,1.0,Yandex Browser,Android,True,25.62.1,14,RU,Primorye
2026-03-07 04:55:29.847000+00:00,2026-03-07 05:01:29.778000+00:00,user_00103,5.99885,1,2,7,2,1.0,0.0,0.0,0.0,Yandex Browser,Android,True,25.62.1,14,RU,Primorye
2026-03-07 04:42:36.573000+00:00,2026-03-07 04:45:18.852000+00:00,user_00104,2.70465,1,1,4,0,0.0,0.0,0.0,0.0,Edge,Windows,False,145.0.0,10,RU,Moscow Oblast
2026-03-07 04:58:16.094000+00:00,2026-03-07 05:00:59.752000+00:00,user_00104,2.727633333333333,1,2,5,0,0.0,0.0,0.0,0.0,Edge,Windows,False,145.0.0,10,RU,Moscow Oblast
2026-03-07 04:43:53.262000+00:00,2026-03-07 04:47:33.276000+00:00,user_00105,3.6669,1,1,13,8,3.0,0.0,1.0,0.0,Yandex Browser,Android,True,26.30.1,15,RU,Primorye
2026-03-07 04:53:53.093000+00:00,2026-03-07 04:56:32.335000+00:00,user_00105,2.654033333333333,1,2,4,0,0.0,0.0,0.0,0.0,Yandex Browser,Android,True,26.30.1,15,RU,Primorye
2026-03-07 04:56:52.079000+00:00,2026-03-07 05:01:21.719000+00:00,user_00106,4.494,1,1,4,0,0.0,0.0,0.0,0.0,Mobile Safari,iOS,True,16.3.1,16.3.1,RU,Primorye
2026-03-07 05:03:02.431000+00:00,2026-03-07 05:06:34.013000+00:00,user_00106,3.5263666666666666,1,2,2,0,0.0,0.0,0.0,0.0,Mobile Safari,iOS,True,16.3.1,16.3.1,RU,Primorye
2026-03-07 05:09:11.816000+00:00,2026-03-07 05:12:50.104000+00:00,user_00106,3.6381333333333337,1,3,5,0,0.0,0.0,0.0,0.0,Mobile Safari,iOS,True,16.3.1,16.3.1,RU,Primorye
2026-03-07 05:21:30.246000+00:00,2026-03-07 05:27:20.908000+00:00,user_00107,5.844366666666667,1,1,14,10,3.0,0.0,1.0,1.0,Chrome Mobile,Android,True,145.0.7632,12,RU,Primorye
2026-03-07 05:51:08.965000+00:00,2026-03-07 05:54:39.864000+00:00,user_00108,3.5149833333333333,1,1,4,0,0.0,0.0,0.0,0.0,Chrome Mobile,Android,True,145.0.0,10,RU,Primorye
2026-03-07 05:53:25.380000+00:00,2026-03-07 06:13:12.407000+00:00,user_00109,19.783783333333336,0,1,12,6,1.0,0.0,0.0,2.0,Chrome Mobile,Android,True,145.0.7632,15,RU,Irkutsk Oblast
2026-03-07 11:07:16.567000+00:00,2026-03-07 11:11:42.967000+00:00,user_00110,4.4399999999999995,1,1,6,2,0.0,0.0,1.0,0.0,Chrome Mobile,Android,True,145.0.0,10,RU,Primorye
2026-03-07 11:26:54.839000+00:00,2026-03-07 11:28:29.901000+00:00,user_00110,1.5843666666666667,1,2,3,0,0.0,0.0,0.0,0.0,Chrome Mobile,Android,True,145.0.0,10,RU,Primorye
2026-03-07 11:33:03.516000+00:00,2026-03-07 11:36:14.596000+00:00,user_00110,3.1846666666666668,1,3,4,0,0.0,0.0,0.0,0.0,Chrome Mobile,Android,True,145.0.0,10,RU,Primorye
2026-03-07 11:53:47.855000+00:00,2026-03-07 11:58:47.469000+00:00,user_00110,4.993566666666666,1,4,5,0,0.0,0.0,0.0,0.0,Chrome Mobile,Android,True,145.0.0,10,RU,Primorye
2026-03-07 12:24:53.010000+00:00,2026-03-07 12:25:28.852000+00:00,user_00110,0.5973666666666666,1,5,3,0,0.0,0.0,0.0,0.0,Chrome Mobile,Android,True,145.0.0,10,RU,Primorye
2026-03-08 11:53:43.280000+00:00,2026-03-08 11:57:54.277000+00:00,user_00110,4.183283333333334,1,6,4,0,0.0,0.0,0.0,0.0,Chrome Mobile,Android,True,145.0.0,10,RU,Primorye
2026-03-08 12:09:46.305000+00:00,2026-03-08 12:12:49.058000+00:00,user_00110,3.0458833333333333,1,7,4,0,0.0,0.0,0.0,0.0,Chrome Mobile,Android,True,145.0.0,10,RU,Primorye
2026-03-07 07:02:27.261000+00:00,2026-03-07 07:08:03.741000+00:00,user_00111,5.6080000000000005,1,1,8,4,2.0,0.0,0.0,0.0,Edge,Windows,False,145.0.0,10,RU,Moscow Oblast
2026-03-07 07:14:13.900000+00:00,2026-03-07 07:16:58.940000+00:00,user_00112,2.7506666666666666,1,1,4,0,0.0,0.0,0.0,0.0,Edge,Windows,False,145.0.0,10,RU,Moscow Oblast
2026-03-08 10:55:51.470000+00:00,2026-03-08 10:58:47.469000+00:00,user_00113,2.933316666666667,1,1,4,0,0.0,0.0,0.0,0.0,Edge,Windows,False,145.0.0,10,RU,Moscow Oblast
2026-03-08 11:05:03.452000+00:00,2026-03-08 11:08:06.294000+00:00,user_00113,3.047366666666667,1,2,4,0,0.0,0.0,0.0,0.0,Edge,Windows,False,145.0.0,10,RU,Moscow Oblast
2026-03-07 11:18:42.500000+00:00,2026-03-07 11:21:50.639000+00:00,user_00114,3.13565,1,1,4,0,0.0,0.0,0.0,0.0,Yandex Browser,Android,True,25.12.3,16,RU,Irkutsk Oblast
2026-03-07 11:30:13.684000+00:00,2026-03-07 11:33:21.608000+00:00,user_00114,3.1320666666666668,1,2,12,8,2.0,2.0,0.0,0.0,Yandex Browser,Android,True,25.12.3,16,RU,Irkutsk Oblast
2026-03-07 11:40:53.393000+00:00,2026-03-07 11:43:48.486000+00:00,user_00114,2.9182166666666665,1,3,6,2,0.0,1.0,0.0,0.0,Yandex Browser,Android,True,25.12.3,16,RU,Irkutsk Oblast
2026-03-08 01:13:41.547000+00:00,2026-03-08 01:36:51.036000+00:00,user_00115,23.15815,0,1,9,0,0.0,0.0,0.0,0.0,Mobile Safari,iOS,True,26.3,18.7,RU,Primorye
2026-03-08 01:50:00.733000+00:00,2026-03-08 02:10:04.321000+00:00,user_00115,20.0598,0,2,11,6,2.0,0.0,1.0,0.0,Mobile Safari,iOS,True,26.3,18.7,RU,Primorye
2026-03-08 03:27:08.673000+00:00,2026-03-08 03:34:48.760000+00:00,user_00115,7.668116666666666,1,3,5,0,0.0,0.0,0.0,0.0,Mobile Safari,iOS,True,26.3,18.7,RU,Primorye
2026-03-08 04:20:48.957000+00:00,2026-03-08 04:29:41.860000+00:00,user_00116,8.881716666666668,1,1,8,0,0.0,0.0,0.0,0.0,Edge,Windows,False,145.0.0,10,RU,Moscow Oblast
2026-03-08 09:41:03.055000+00:00,2026-03-08 10:09:10.763000+00:00,user_00117,28.128466666666668,1,1,49,38,6.0,3.0,8.0,2.0,Chrome Mobile,Android,True,145.0.7632,16,RU,Rostov Oblast
2026-03-08 10:24:34.272000+00:00,2026-03-08 10:27:25.817000+00:00,user_00118,2.859083333333333,1,1,4,0,0.0,0.0,0.0,0.0,Edge,Windows,False,145.0.0,10,RU,Moscow Oblast
2026-03-08 10:29:08.243000+00:00,2026-03-08 10:33:57.632000+00:00,user_00119,4.82315,1,1,40,35,3.0,3.0,4.0,8.0,Edge,Windows,False,145.0.0,10,RU,Moscow Oblast
2026-03-08 11:14:29.282000+00:00,2026-03-08 11:24:14.179000+00:00,user_00120,9.748283333333335,1,1,10,4,0.0,0.0,0.0,2.0,Chrome,Linux,False,145.0.0,10,RU,Primorye
2026-03-08 11:14:45.882000+00:00,2026-03-08 11:18:15.802000+00:00,user_00121,3.4986666666666664,1,1,6,2,1.0,0.0,0.0,0.0,Edge,Windows,False,145.0.0,10,RU,Moscow Oblast
2026-03-08 11:26:48.714000+00:00,2026-03-08 11:29:53.985000+00:00,user_00121,3.08785,1,2,6,2,1.0,0.0,0.0,0.0,Edge,Windows,False,145.0.0,10,RU,Moscow Oblast
2026-03-08 13:18:09.205000+00:00,2026-03-08 13:26:09.226000+00:00,user_00122,8.000350000000001,1,1,4,0,0.0,0.0,0.0,0.0,Yandex Browser,Android,True,26.30.1,13,RU,Primorye
2026-03-09 02:33:17.372000+00:00,2026-03-09 02:41:51.661000+00:00,user_00123,8.571483333333333,0,1,6,2,0.0,0.0,0.0,1.0,Edge,Windows,False,145.0.0,10,RU,Moscow Oblast
2026-03-09 02:52:16.075000+00:00,2026-03-09 02:56:48.991000+00:00,user_00123,4.5485999999999995,1,2,6,2,0.0,1.0,0.0,0.0,Opera,Windows,False,127.0.0,10,RU,Primorye
2026-03-09 06:11:44.974000+00:00,2026-03-09 06:21:54.359000+00:00,user_00124,10.156416666666667,1,1,5,0,0.0,0.0,0.0,0.0,Mobile Safari,iOS,True,26.3,18.7,RU,Primorye
2026-03-09 07:55:10.236000+00:00,2026-03-09 07:58:03.500000+00:00,user_00125,2.8877333333333337,1,1,4,0,0.0,0.0,0.0,0.0,Yandex Browser,Android,True,26.3.0,16,RU,Primorye
2026-03-09 08:01:21.152000+00:00,2026-03-09 08:03:58.565000+00:00,user_00125,2.6235500000000003,1,2,4,0,0.0,0.0,0.0,0.0,Yandex Browser,Android,True,26.3.0,16,RU,Primorye
2026-03-09 11:11:53.295000+00:00,2026-03-09 11:16:17.484000+00:00,user_00126,4.40315,1,1,8,4,0.0,0.0,2.0,0.0,Samsung Internet,Android,True,29.0,10,RU,Primorye
2026-03-09 11:24:57.531000+00:00,2026-03-09 11:36:09.178000+00:00,user_00126,11.194116666666668,1,2,9,4,0.0,1.0,1.0,0.0,Samsung Internet,Android,True,29.0,10,RU,Primorye
2026-03-09 11:45:23.436000+00:00,2026-03-09 11:51:45.640000+00:00,user_00126,6.370066666666667,1,3,7,2,0.0,0.0,1.0,0.0,Samsung Internet,Android,True,29.0,10,RU,Primorye
2026-03-09 11:12:28.674000+00:00,2026-03-09 11:16:12.773000+00:00,user_00127,3.734983333333333,1,1,12,8,0.0,3.0,0.0,1.0,Edge,Windows,False,145.0.0,10,RU,Moscow Oblast
2026-03-09 11:40:26.303000+00:00,2026-03-09 11:45:28.953000+00:00,user_00128,5.0441666666666665,1,1,5,0,0.0,0.0,0.0,0.0,Chrome Mobile,Android,True,138.0.0,10,US,Primorye
2026-03-09 12:03:35.429000+00:00,2026-03-09 12:09:42.653000+00:00,user_00128,6.1204,1,2,10,4,2.0,0.0,0.0,0.0,Chrome Mobile,Android,True,145.0.0,10,RU,Primorye
2026-03-09 11:46:45.963000+00:00,2026-03-09 11:54:55.316000+00:00,user_00129,8.155883333333334,1,1,5,0,0.0,0.0,0.0,0.0,Chrome Mobile,Android,True,145.0.7632,15,RU,Primorye
2026-03-10 12:10:18.505000+00:00,2026-03-10 12:18:30.485000+00:00,user_00132,8.199666666666667,1,1,6,0,0.0,0.0,0.0,0.0,Chrome Mobile,Android,True,145.0.0,10,RU,Primorye
2026-03-10 12:24:18.289000+00:00,2026-03-10 12:29:26.471000+00:00,user_00132,5.1363666666666665,1,2,4,0,0.0,0.0,0.0,0.0,Chrome Mobile,Android,True,145.0.0,10,RU,Primorye
2026-03-11 11:30:37.204000+00:00,2026-03-11 11:34:48.333000+00:00,user_00133,4.185483333333333,1,1,4,0,0.0,0.0,0.0,0.0,Edge,Windows,False,145.0.0,10,RU,Moscow Oblast
2026-03-11 11:37:15.043000+00:00,2026-03-11 11:41:16.354000+00:00,user_00133,4.02185,1,2,4,0,0.0,0.0,0.0,0.0,Edge,Windows,False,145.0.0,10,RU,Moscow Oblast
2026-03-11 11:44:27.731000+00:00,2026-03-11 11:44:27.731000+00:00,user_00133,0.0,1,3,1,0,0.0,0.0,0.0,0.0,Edge,Windows,False,145.0.0,10,RU,Moscow Oblast
2026-03-11 12:06:15.994000+00:00,2026-03-11 12:10:43.597000+00:00,user_00134,4.46005,1,1,4,0,0.0,0.0,0.0,0.0,Edge,Windows,False,145.0.0,10,RU,Moscow Oblast
2026-03-11 12:14:25.243000+00:00,2026-03-11 12:14:25.243000+00:00,user_00134,0.0,1,2,1,0,0.0,0.0,0.0,0.0,Edge,Windows,False,145.0.0,10,RU,Moscow Oblast
2026-03-11 12:08:17.343000+00:00,2026-03-11 12:17:12.054000+00:00,user_00135,8.91185,1,1,5,0,0.0,0.0,0.0,0.0,Chrome,Windows,False,146.0.0,10,RU,Moscow Oblast
2026-03-11 12:28:23.416000+00:00,2026-03-11 12:29:15.043000+00:00,user_00136,0.86045,0,1,2,0,0.0,0.0,0.0,0.0,Chrome,Windows,False,145.0.0,10,RU,Samara Oblast
2026-03-11 12:50:03.174000+00:00,2026-03-11 12:54:27.172000+00:00,user_00136,4.399966666666667,0,2,7,5,0.0,0.0,1.0,2.0,Chrome,Windows,False,145.0.0,10,RU,Samara Oblast
2026-03-11 12:57:15.410000+00:00,2026-03-11 13:10:18.371000+00:00,user_00137,13.04935,1,1,11,5,0.0,0.0,0.0,3.0,Edge,Windows,False,145.0.0,10,RU,Samara Oblast
2026-03-11 15:00:44.704000+00:00,2026-03-11 15:11:32.828000+00:00,user_00138,10.802066666666667,0,1,5,3,0.0,0.0,0.0,2.0,Yandex Browser,Windows,False,25.12.0,10,RU,Samara Oblast
2026-03-11 15:28:57.964000+00:00,2026-03-11 15:41:52.243000+00:00,user_00138,12.90465,1,2,14,7,2.0,1.0,0.0,0.0,Yandex Browser,Android,True,26.3.0,13,RU,Samara Oblast
2026-03-11 15:52:17.734000+00:00,2026-03-11 15:55:00.966000+00:00,user_00138,2.7205333333333335,1,3,6,2,1.0,0.0,0.0,0.0,Yandex Browser,Android,True,26.3.0,13,RU,Samara Oblast
2026-03-11 15:59:38.839000+00:00,2026-03-11 15:59:38.839000+00:00,user_00138,0.0,1,4,1,0,0.0,0.0,0.0,0.0,Yandex Browser,Android,True,26.3.0,13,RU,Samara Oblast
2026-03-12 00:37:05.785000+00:00,2026-03-12 00:43:25.067000+00:00,user_00140,6.321366666666666,1,1,4,0,0.0,0.0,0.0,0.0,Chrome,Windows,False,145.0.0,10,RU,Moscow Oblast
2026-03-12 00:37:38.953000+00:00,2026-03-12 00:42:13.108000+00:00,user_00141,4.569249999999999,1,1,4,0,0.0,0.0,0.0,0.0,Edge,Windows,False,145.0.0,10,RU,Moscow Oblast
2026-03-12 00:44:58.067000+00:00,2026-03-12 00:44:58.067000+00:00,user_00141,0.0,1,2,1,0,0.0,0.0,0.0,0.0,Edge,Windows,False,145.0.0,10,RU,Moscow Oblast
2026-03-12 01:49:51.865000+00:00,2026-03-12 02:07:09.166000+00:00,user_00142,17.288349999999998,0,1,11,8,4.0,0.0,0.0,0.0,Chrome,Windows,False,145.0.0,10,RU,Primorye
2026-03-12 02:29:56.604000+00:00,2026-03-12 02:42:42.588000+00:00,user_00142,12.7664,1,2,10,4,0.0,0.0,2.0,0.0,Chrome,Windows,False,145.0.0,10,RU,Primorye
2026-03-12 02:47:14.680000+00:00,2026-03-12 02:47:14.680000+00:00,user_00142,0.0,1,3,1,0,0.0,0.0,0.0,0.0,Chrome,Windows,False,145.0.0,10,RU,Primorye
2026-03-12 05:04:19.553000+00:00,2026-03-12 05:26:13.243000+00:00,user_00143,21.894833333333334,1,1,27,18,5.0,0.0,0.0,4.0,Chrome,Windows,False,146.0.0,10,RU,Moscow Oblast
2026-03-12 05:23:24.972000+00:00,2026-03-12 05:31:05.182000+00:00,user_00144,7.670166666666666,1,1,9,5,1.0,1.0,0.0,1.0,Samsung Internet,Android,True,29.0,10,RU,Moscow Oblast
2026-03-12 12:22:49.198000+00:00,2026-03-12 12:28:08.790000+00:00,user_00145,5.326533333333333,0,1,3,0,0.0,0.0,0.0,0.0,Yandex Browser,iOS,True,25.12.3,18.7,RU,Primorye
2026-03-12 12:40:02.646000+00:00,2026-03-12 12:45:19.050000+00:00,user_00145,5.2734,0,2,2,0,0.0,0.0,0.0,0.0,Yandex Browser,iOS,True,25.12.3,18.7,RU,Primorye
2026-03-16 10:13:18.722000+00:00,2026-03-16 10:18:29.493000+00:00,user_00145,5.179516666666667,1,3,6,2,1.0,0.0,0.0,0.0,Mobile Safari,iOS,True,26.3,18.7,RU,Primorye
2026-03-16 12:11:41.744000+00:00,2026-03-16 12:15:56.147000+00:00,user_00146,4.24005,1,1,4,0,0.0,0.0,0.0,0.0,Edge,Windows,False,145.0.0,10,RU,Moscow Oblast
2026-03-13 04:19:38.340000+00:00,2026-03-13 04:31:01.068000+00:00,user_00147,11.3788,1,1,7,2,0.0,0.0,1.0,0.0,Chrome Mobile,Android,True,145.0.7632,13,RU,
2026-03-16 11:34:07.717000+00:00,2026-03-16 11:37:35.570000+00:00,user_00148,3.4642166666666667,1,1,8,4,1.0,0.0,0.0,1.0,Edge,Windows,False,145.0.0,10,RU,Moscow Oblast
2026-03-17 11:28:21.149000+00:00,2026-03-17 11:32:22.644000+00:00,user_00149,4.024916666666667,1,1,4,0,0.0,0.0,0.0,0.0,Yandex Browser,Android,True,25.8.6,15,RU,Primorye
2026-03-17 11:40:11.883000+00:00,2026-03-17 11:44:53.290000+00:00,user_00149,4.6901166666666665,1,2,7,2,0.0,0.0,1.0,0.0,Yandex Browser,Android,True,25.8.6,15,RU,Primorye
2026-03-17 11:54:33.405000+00:00,2026-03-17 11:57:16.110000+00:00,user_00149,2.7117500000000003,1,3,4,0,0.0,0.0,0.0,0.0,Yandex Browser,Android,True,25.8.6,15,RU,Primorye
2026-03-18 04:21:36.039000+00:00,2026-03-18 04:24:11.163000+00:00,user_00149,2.5854,1,4,4,0,0.0,0.0,0.0,0.0,Yandex Browser,Android,True,25.8.6,15,RU,Primorye
2026-03-18 04:30:08.597000+00:00,2026-03-18 04:30:08.597000+00:00,user_00149,0.0,1,5,1,0,0.0,0.0,0.0,0.0,Yandex Browser,Android,True,25.8.6,15,RU,Primorye
2026-03-17 11:52:27.433000+00:00,2026-03-17 12:01:51.968000+00:00,user_00150,9.408916666666666,1,1,17,8,4.0,0.0,0.0,0.0,Mobile Safari,iOS,True,26.2,18.7,RU,Primorye
2026-03-18 11:15:16.447000+00:00,2026-03-18 11:32:22.934000+00:00,user_00151,17.108116666666668,0,1,6,3,0.0,0.0,0.0,2.0,Opera Mobile,Android,True,90.0.0,10,RU,Primorye
2026-03-21 10:54:48.662000+00:00,2026-03-21 11:06:54.769000+00:00,user_00151,12.101783333333334,1,2,8,0,0.0,0.0,0.0,0.0,Mobile Safari,iOS,True,26.2,18.7,RU,Primorye
2026-03-18 12:02:27.320000+00:00,2026-03-18 12:06:54.601000+00:00,user_00152,4.4546833333333336,1,1,4,0,0.0,0.0,0.0,0.0,Edge,Windows,False,146.0.0,10,RU,Moscow Oblast
2026-03-18 12:10:21.670000+00:00,2026-03-18 12:10:21.670000+00:00,user_00152,0.0,1,2,1,0,0.0,0.0,0.0,0.0,Edge,Windows,False,146.0.0,10,RU,Moscow Oblast
2026-03-18 13:36:16.155000+00:00,2026-03-18 13:40:36.063000+00:00,user_00153,4.3318,1,1,8,4,0.0,1.0,1.0,0.0,Chrome Mobile,Android,True,145.0.0,10,RU,Primorye
2026-03-21 12:07:03.595000+00:00,2026-03-21 12:10:08.141000+00:00,user_00153,3.0757666666666665,1,2,8,4,0.0,1.0,1.0,0.0,Edge,Windows,False,146.0.0,10,RU,Moscow Oblast
2026-03-19 12:07:28.739000+00:00,2026-03-19 12:10:21.569000+00:00,user_00154,2.8805,1,1,6,2,0.0,1.0,0.0,0.0,Edge,Windows,False,146.0.0,10,RU,Moscow Oblast
2026-03-19 12:11:45.636000+00:00,2026-03-19 12:26:16.491000+00:00,user_00155,14.51425,1,1,9,2,0.0,1.0,0.0,0.0,Yandex Browser,Android,True,26.3.2,16,RU,Irkutsk Oblast
2026-03-19 12:39:48.211000+00:00,2026-03-19 12:42:27.591000+00:00,user_00155,2.6563333333333334,1,2,4,0,0.0,0.0,0.0,0.0,Yandex Browser,Android,True,26.3.2,16,RU,Primorye
2026-03-19 12:59:17.439000+00:00,2026-03-19 13:05:23.682000+00:00,user_00155,6.10405,1,3,6,2,0.0,1.0,0.0,0.0,Yandex Browser,Android,True,26.3.2,16,RU,Primorye
2026-03-22 11:43:54.265000+00:00,2026-03-22 11:48:39.160000+00:00,user_00155,4.74825,1,4,5,0,0.0,0.0,0.0,0.0,Yandex Browser,Android,True,26.3.2,16,RU,Primorye
2026-03-19 13:33:59.846000+00:00,2026-03-19 13:38:13.905000+00:00,user_00156,4.2343166666666665,1,1,4,0,0.0,0.0,0.0,0.0,Mobile Safari,iOS,True,26.2.1,18.7,RU,Primorye
2026-03-19 13:40:59.162000+00:00,2026-03-19 13:40:59.162000+00:00,user_00156,0.0,1,2,1,0,0.0,0.0,0.0,0.0,Mobile Safari,iOS,True,26.2.1,18.7,RU,Primorye
2026-03-19 14:00:28.619000+00:00,2026-03-19 14:06:38.137000+00:00,user_00156,6.1586333333333325,1,3,5,0,0.0,0.0,0.0,0.0,Mobile Safari,iOS,True,26.2,18.7,RU,Primorye
2026-03-22 11:22:28.155000+00:00,2026-03-22 11:26:24.785000+00:00,user_00156,3.943833333333333,1,4,5,0,0.0,0.0,0.0,0.0,Mobile Safari,iOS,True,26.2,18.7,RU,Primorye
2026-03-25 12:15:06.250000+00:00,2026-03-25 12:18:36.185000+00:00,user_00156,3.4989166666666667,1,5,4,0,0.0,0.0,0.0,0.0,Mobile Safari,iOS,True,26.2,18.7,RU,Primorye
2026-03-21 11:24:57.157000+00:00,2026-03-21 11:29:41.733000+00:00,user_00157,4.742933333333334,1,1,10,6,3.0,0.0,0.0,0.0,Mobile Safari,iOS,True,18.6,18.6.2,RU,
2026-03-21 11:51:39.065000+00:00,2026-03-21 11:55:14.406000+00:00,user_00157,3.5890166666666667,1,2,4,0,0.0,0.0,0.0,0.0,Mobile Safari,iOS,True,18.6,18.6.2,RU,
2026-03-21 11:31:25.885000+00:00,2026-03-21 11:35:17.880000+00:00,user_00158,3.8665833333333333,1,1,6,2,0.0,0.0,0.0,1.0,Chrome Mobile,Android,True,145.0.7632,16,RU,Primorye
2026-03-21 11:47:58.426000+00:00,2026-03-21 11:51:17.214000+00:00,user_00158,3.3131333333333335,1,2,4,0,0.0,0.0,0.0,0.0,Chrome Mobile,Android,True,145.0.7632,16,RU,Primorye
2026-03-21 12:12:37.622000+00:00,2026-03-21 12:16:45.855000+00:00,user_00158,4.137216666666666,1,3,4,0,0.0,0.0,0.0,0.0,Chrome Mobile,Android,True,145.0.7632,16,RU,Primorye
2026-03-21 12:25:02.762000+00:00,2026-03-21 12:35:02.792000+00:00,user_00158,10.000499999999999,1,4,3,0,0.0,0.0,0.0,0.0,Chrome Mobile,Android,True,145.0.7632,16,RU,Primorye
2026-03-21 11:34:54.626000+00:00,2026-03-21 11:39:00.544000+00:00,user_00159,4.098633333333334,1,1,10,6,2.0,1.0,0.0,0.0,Edge,Windows,False,146.0.0,10,RU,Moscow Oblast
2026-03-21 11:42:30.572000+00:00,2026-03-21 11:47:00.652000+00:00,user_00160,4.501333333333333,1,1,4,0,0.0,0.0,0.0,0.0,Mobile Safari,iOS,True,17.0.1,17.0.3,RU,Primorye
2026-03-21 11:54:41.083000+00:00,2026-03-21 12:00:39.394000+00:00,user_00160,5.97185,1,2,8,2,0.0,1.0,0.0,0.0,Mobile Safari,iOS,True,17.0.1,17.0.3,RU,Primorye
2026-03-21 12:17:16.302000+00:00,2026-03-21 12:19:52.424000+00:00,user_00161,2.6020333333333334,1,1,4,0,0.0,0.0,0.0,0.0,Edge,Windows,False,146.0.0,10,RU,Moscow Oblast
2026-03-21 13:20:42.454000+00:00,2026-03-21 13:27:45.380000+00:00,user_00162,7.048766666666666,1,1,7,2,0.0,0.0,1.0,0.0,Chrome Mobile,Android,True,144.0.0,10,RU,
2026-03-21 23:07:38.906000+00:00,2026-03-21 23:12:11.088000+00:00,user_00163,4.536366666666667,1,1,8,4,0.0,2.0,0.0,0.0,Yandex Browser,Windows,False,26.3.0,10,RU,Moscow Oblast
2026-03-22 07:42:10.635000+00:00,2026-03-22 07:46:16.044000+00:00,user_00164,4.0901499999999995,1,1,9,5,2.0,1.0,0.0,0.0,Edge,Windows,False,146.0.0,10,RU,Moscow Oblast
2026-03-22 23:10:50.629000+00:00,2026-03-22 23:14:25.429000+00:00,user_00165,3.58,1,1,12,8,0.0,0.0,4.0,0.0,Edge,Windows,False,146.0.0,10,RU,Moscow Oblast
2026-03-29 01:43:25.479000+00:00,2026-03-29 02:00:04.393000+00:00,user_00166,16.648566666666667,1,1,13,6,2.0,0.0,0.0,1.0,Edge,Windows,False,146.0.0,10,RU,Primorye
2026-03-23 09:00:43.683000+00:00,2026-03-23 09:04:03.734000+00:00,user_00167,3.3341833333333333,1,1,6,2,0.0,0.0,0.0,1.0,Edge,Windows,False,146.0.0,10,RU,Moscow Oblast
2026-03-23 09:07:28.314000+00:00,2026-03-23 09:07:28.314000+00:00,user_00167,0.0,1,2,1,0,0.0,0.0,0.0,0.0,Edge,Windows,False,146.0.0,10,RU,Moscow Oblast
2026-03-23 09:08:41.826000+00:00,2026-03-23 09:12:02.776000+00:00,user_00168,3.3491666666666666,1,1,8,4,0.0,2.0,0.0,0.0,Edge,Windows,False,146.0.0,10,RU,Moscow Oblast
2026-03-23 09:16:07.004000+00:00,2026-03-23 09:16:07.004000+00:00,user_00168,0.0,1,2,1,0,0.0,0.0,0.0,0.0,Edge,Windows,False,146.0.0,10,RU,Moscow Oblast
2026-03-23 09:16:50.771000+00:00,2026-03-23 09:19:20.830000+00:00,user_00169,2.500983333333333,1,1,4,0,0.0,0.0,0.0,0.0,Edge,Windows,False,146.0.0,10,RU,Moscow Oblast
2026-03-23 10:28:11.831000+00:00,2026-03-23 10:31:34.513000+00:00,user_00170,3.378033333333333,1,1,6,2,1.0,0.0,0.0,0.0,Edge,Windows,False,146.0.0,10,RU,Moscow Oblast
2026-03-23 10:38:18.362000+00:00,2026-03-23 10:41:20.789000+00:00,user_00171,3.04045,1,1,6,2,0.0,0.0,0.0,1.0,Edge,Windows,False,146.0.0,10,RU,Moscow Oblast
2026-03-23 10:45:14.308000+00:00,2026-03-23 10:48:14.858000+00:00,user_00172,3.0091666666666668,1,1,4,0,0.0,0.0,0.0,0.0,Edge,Windows,False,146.0.0,10,RU,Moscow Oblast
2026-03-25 11:51:19.124000+00:00,2026-03-25 11:59:47.694000+00:00,user_00173,8.476166666666666,1,1,6,0,0.0,0.0,0.0,0.0,Yandex Browser,iOS,True,26.3.2,26.2.1,RU,Primorye
2026-03-26 11:16:28.909000+00:00,2026-03-26 11:19:59.919000+00:00,user_00174,3.516833333333333,1,1,4,0,0.0,0.0,0.0,0.0,Edge,Windows,False,146.0.0,10,PL,Mazovia
2026-03-26 11:41:08.991000+00:00,2026-03-26 11:44:17.784000+00:00,user_00175,3.14655,1,1,6,2,0.0,0.0,1.0,0.0,Edge,Windows,False,146.0.0,10,PL,Mazovia
2026-03-28 11:34:10.561000+00:00,2026-03-28 11:37:45.890000+00:00,user_00176,3.5888166666666668,1,1,6,2,0.0,0.0,1.0,0.0,Chrome Mobile,Android,True,145.0.0,10,RU,Primorye
2026-03-28 11:49:34.390000+00:00,2026-03-28 11:49:34.390000+00:00,user_00176,0.0,1,2,1,0,0.0,0.0,0.0,0.0,Chrome Mobile,Android,True,145.0.0,10,RU,Primorye
2026-03-28 11:52:09.103000+00:00,2026-03-28 11:57:04.985000+00:00,user_00176,4.9313666666666665,1,3,5,0,0.0,0.0,0.0,0.0,Chrome Mobile,Android,True,145.0.0,10,RU,Primorye
2026-03-28 12:05:10.095000+00:00,2026-03-28 12:09:25.284000+00:00,user_00176,4.25315,1,4,4,0,0.0,0.0,0.0,0.0,Chrome Mobile,Android,True,145.0.0,10,RU,Primorye
2026-03-30 21:27:25.451000+00:00,2026-03-30 21:30:31.776000+00:00,user_00176,3.1054166666666663,1,5,11,6,2.0,1.0,0.0,0.0,Chrome Mobile,Android,True,145.0.0,10,RU,Primorye
2026-03-30 21:40:55.163000+00:00,2026-03-30 21:43:54.802000+00:00,user_00176,2.9939833333333334,1,6,7,2,0.0,0.0,0.0,1.0,Chrome Mobile,Android,True,145.0.0,10,RU,Primorye
2026-03-30 21:54:06.912000+00:00,2026-03-30 21:56:47.253000+00:00,user_00176,2.6723500000000002,1,7,5,0,0.0,0.0,0.0,0.0,Chrome Mobile,Android,True,145.0.0,10,RU,Primorye
2026-03-29 02:08:14.051000+00:00,2026-03-29 02:16:19.233000+00:00,user_00177,8.086366666666667,1,1,7,2,0.0,0.0,0.0,1.0,Yandex Browser,iOS,True,25.12.4,18.3.1,RU,Primorye
2026-03-29 10:17:29.038000+00:00,2026-03-29 10:23:21.298000+00:00,user_00178,5.8709999999999996,1,1,8,2,0.0,1.0,0.0,0.0,Mobile Safari,iOS,True,26.3,18.7,RU,Primorye
2026-03-31 02:37:57.769000+00:00,2026-03-31 02:42:39.678000+00:00,user_00183,4.698483333333333,1,1,9,3,0.0,0.0,0.0,2.0,Yandex Browser,Windows,False,26.3.0,10,RU,Irkutsk Oblast
2026-03-31 01:01:18.280000+00:00,2026-03-31 01:15:34.771000+00:00,user_00184,14.274849999999999,1,1,9,2,0.0,0.0,0.0,1.0,Chrome,Windows,False,146.0.0,10,RU,Irkutsk Oblast
2026-03-31 01:27:34.611000+00:00,2026-03-31 01:33:58.055000+00:00,user_00185,6.390733333333333,0,1,4,1,0.0,0.0,0.0,1.0,Edge,Windows,False,146.0.0,10,RU,Transbaikal Territory
2026-03-31 02:11:32.836000+00:00,2026-03-31 02:15:35.910000+00:00,user_00185,4.051233333333333,0,2,6,4,0.0,0.0,0.0,2.0,Edge,Windows,False,146.0.0,10,RU,Transbaikal Territory
2026-03-31 03:10:32.822000+00:00,2026-03-31 03:38:22.903000+00:00,user_00185,27.83468333333333,0,3,61,55,2.0,0.0,26.0,0.0,Edge,Windows,False,146.0.0,10,RU,Transbaikal Territory
2026-03-31 03:57:25.575000+00:00,2026-03-31 04:06:08.475000+00:00,user_00185,8.715,0,4,34,27,0.0,0.0,13.0,0.0,Edge,Windows,False,146.0.0,10,RU,Transbaikal Territory
2026-03-31 07:31:50.150000+00:00,2026-03-31 07:50:09.622000+00:00,user_00185,18.32453333333333,1,5,42,32,1.0,3.0,12.0,0.0,Edge,Windows,False,146.0.0,10,RU,Transbaikal Territory
2026-03-31 01:33:56.064000+00:00,2026-03-31 01:36:08.442000+00:00,user_00186,2.2062999999999997,0,1,2,1,0.0,0.0,0.0,1.0,Yandex Browser,Windows,False,26.3.0,10,RU,
2026-03-31 06:55:21.872000+00:00,2026-03-31 06:58:19.361000+00:00,user_00186,2.9581500000000003,0,2,3,1,0.0,0.0,0.0,0.0,Yandex Browser,Windows,False,26.3.0,10,RU,
2026-03-31 02:02:24.549000+00:00,2026-03-31 02:05:23.310000+00:00,user_00187,2.9793499999999997,1,1,5,0,0.0,0.0,0.0,0.0,Edge,Windows,False,146.0.0,10,RU,Moscow Oblast
2026-03-31 02:13:17.029000+00:00,2026-03-31 02:27:16.608000+00:00,user_00188,13.992983333333333,1,1,13,6,1.0,1.0,1.0,0.0,Yandex Browser,Windows,False,26.3.0,10,RU,Irkutsk Oblast
2026-03-31 03:56:45.301000+00:00,2026-03-31 04:10:45.987000+00:00,user_00189,14.011433333333335,0,1,5,3,0.0,0.0,0.0,2.0,Yandex Browser,Windows,False,25.12.0,10,RU,Tomsk Oblast
2026-03-31 04:51:07.859000+00:00,2026-03-31 05:07:38.832000+00:00,user_00189,16.516216666666665,1,2,13,7,0.0,0.0,2.0,1.0,Yandex Browser,Windows,False,25.12.0,10,RU,Tomsk Oblast
2026-03-31 05:10:31.303000+00:00,2026-03-31 05:10:31.303000+00:00,user_00189,0.0,1,3,1,0,0.0,0.0,0.0,0.0,Chrome,Windows,False,146.0.0,10,RU,Tomsk Oblast
2026-03-31 05:06:16.219000+00:00,2026-03-31 05:11:30.639000+00:00,user_00190,5.240333333333334,0,1,7,4,0.0,0.0,0.0,2.0,Yandex Browser,Windows,False,26.3.0,10,RU,
2026-03-31 05:30:06.879000+00:00,2026-03-31 05:38:12.489000+00:00,user_00191,8.0935,1,1,5,0,0.0,0.0,0.0,0.0,Yandex Browser,Windows,False,26.3.0,10,RU,Irkutsk Oblast
2026-03-31 05:48:54.764000+00:00,2026-03-31 05:54:10.497000+00:00,user_00192,5.262216666666666,1,1,5,0,0.0,0.0,0.0,0.0,Chrome,Windows,False,146.0.0,10,RU,Tyumen Oblast
2026-03-31 05:56:50.552000+00:00,2026-03-31 06:02:17.823000+00:00,user_00193,5.454516666666667,1,1,10,5,0.0,1.0,0.0,2.0,Yandex Browser,Windows,False,26.3.0,10,RU,Irkutsk Oblast
2026-03-31 06:38:33.073000+00:00,2026-03-31 06:46:10.158000+00:00,user_00196,7.618083333333333,1,1,7,2,0.0,0.0,0.0,1.0,Edge,Windows,False,146.0.0,10,RU,Transbaikal Territory
2026-03-31 06:48:24.256000+00:00,2026-03-31 06:48:24.256000+00:00,user_00196,0.0,1,2,1,0,0.0,0.0,0.0,0.0,Edge,Windows,False,146.0.0,10,RU,Transbaikal Territory
2026-03-31 06:51:19.887000+00:00,2026-03-31 07:00:58.546000+00:00,user_00198,9.644316666666667,1,1,12,6,0.0,1.0,1.0,1.0,Yandex Browser,Windows,False,26.3.0,10,RU,
2026-03-31 07:15:50.524000+00:00,2026-03-31 07:22:54.037000+00:00,user_00199,7.058549999999999,1,1,9,4,2.0,0.0,0.0,0.0,Yandex Browser,Android,True,26.3.3,13,RU,Moscow
2026-03-31 07:34:48.538000+00:00,2026-03-31 07:49:37.060000+00:00,user_00200,14.8087,1,1,15,10,4.0,0.0,0.0,1.0,Chrome,Windows,False,146.0.0,10,RU,Sakha
2026-03-31 08:13:45.035000+00:00,2026-03-31 08:17:34.969000+00:00,user_00200,3.8322333333333334,1,2,9,4,2.0,0.0,0.0,0.0,Chrome,Windows,False,146.0.0,10,RU,Sakha
2026-03-31 08:23:50.990000+00:00,2026-03-31 08:27:03.908000+00:00,user_00200,3.2153,1,3,7,2,1.0,0.0,0.0,0.0,Chrome,Windows,False,146.0.0,10,RU,Sakha
2026-03-31 07:39:55.253000+00:00,2026-03-31 07:45:28.592000+00:00,user_00201,5.55565,1,1,9,4,0.0,0.0,1.0,1.0,Yandex Browser,Windows,False,26.3.0,10,RU,Transbaikal Territory
2026-03-31 07:42:49.339000+00:00,2026-03-31 07:47:12.259000+00:00,user_00202,4.382000000000001,1,1,5,0,0.0,0.0,0.0,0.0,Chrome,Windows,False,109.0.0,10,RU,Sakha
2026-03-31 13:18:06.566000+00:00,2026-03-31 13:36:40.565000+00:00,user_00203,18.56665,1,1,6,0,0.0,0.0,0.0,0.0,Yandex Browser,Windows,False,26.3.0,10,RU,Transbaikal Territory
2026-03-31 14:37:34.540000+00:00,2026-03-31 14:46:11.157000+00:00,user_00204,8.610283333333333,1,1,7,2,0.0,0.0,0.0,1.0,Safari,Mac OS X,False,26.3,10.15.7,RU,Irkutsk Oblast
2026-03-31 14:58:06.086000+00:00,2026-03-31 15:01:20.381000+00:00,user_00204,3.23825,1,2,7,2,0.0,0.0,0.0,1.0,Safari,Mac OS X,False,26.3,10.15.7,RU,Irkutsk Oblast
2026-03-31 22:51:11.017000+00:00,2026-03-31 22:58:05.545000+00:00,user_00205,6.9088,1,1,9,4,0.0,0.0,1.0,1.0,Edge,Windows,False,146.0.0,10,RU,
2026-04-01 00:19:25.735000+00:00,2026-04-01 00:24:40.762000+00:00,user_00206,5.25045,0,1,3,1,0.0,0.0,0.0,1.0,Chrome,Windows,False,146.0.0,10,RU,
2026-04-01 00:45:08.786000+00:00,2026-04-01 00:53:03.484000+00:00,user_00207,7.911633333333333,0,1,13,10,0.0,0.0,0.0,9.0,Yandex Browser,Windows,False,26.3.0,10,RU,Irkutsk Oblast
2026-04-01 01:13:20.813000+00:00,2026-04-01 01:14:28.497000+00:00,user_00207,1.1280666666666666,0,2,7,6,0.0,0.0,0.0,5.0,Yandex Browser,Windows,False,26.3.0,10,RU,Irkutsk Oblast
2026-04-01 01:35:18.669000+00:00,2026-04-01 01:43:25.806000+00:00,user_00209,8.11895,1,1,17,12,3.0,0.0,1.0,2.0,Yandex Browser,Windows,False,26.3.0,10,RU,Transbaikal Territory
2026-04-01 01:50:48.434000+00:00,2026-04-01 01:50:48.434000+00:00,user_00209,0.0,1,2,1,0,0.0,0.0,0.0,0.0,Yandex Browser,Windows,False,26.3.0,10,RU,Transbaikal Territory
2026-04-01 01:57:02.924000+00:00,2026-04-01 02:02:05.262000+00:00,user_00211,5.038966666666667,1,1,17,12,6.0,0.0,0.0,0.0,Chrome,Windows,False,146.0.0,10,RU,Irkutsk Oblast
2026-04-01 02:05:01.480000+00:00,2026-04-01 02:05:01.480000+00:00,user_00211,0.0,1,2,1,0,0.0,0.0,0.0,0.0,Chrome,Windows,False,146.0.0,10,RU,Irkutsk Oblast
2026-04-01 02:25:04.990000+00:00,2026-04-01 02:25:04.990000+00:00,user_00213,0.0,0,1,1,0,0.0,0.0,0.0,0.0,Yandex Browser,Windows,False,26.3.0,10,RU,Krasnoyarsk Krai
2026-04-01 15:05:55.217000+00:00,2026-04-01 15:18:40.016000+00:00,user_00213,12.746649999999999,1,2,18,13,6.0,0.0,0.0,0.0,Yandex Browser,Windows,False,25.12.0,10,RU,Kemerovo Oblast
2026-04-01 02:51:03.520000+00:00,2026-04-01 02:57:24.815000+00:00,user_00215,6.354916666666667,1,1,11,6,0.0,1.0,0.0,3.0,Firefox,Windows,False,149.0,10,RU,Transbaikal Territory
2026-04-01 03:02:48.724000+00:00,2026-04-01 03:07:31.737000+00:00,user_00216,4.716883333333333,1,1,6,0,0.0,0.0,0.0,0.0,Yandex Browser,Windows,False,26.3.0,10,RU,Transbaikal Territory
2026-04-01 03:02:53.700000+00:00,2026-04-01 03:12:37.230000+00:00,user_00217,9.7255,1,1,20,14,7.0,0.0,0.0,0.0,Chrome,Windows,False,146.0.0,10,RU,Transbaikal Territory
2026-04-01 03:20:07.246000+00:00,2026-04-01 03:22:53.211000+00:00,user_00217,2.7660833333333334,1,2,5,0,0.0,0.0,0.0,0.0,Chrome,Windows,False,146.0.0,10,RU,Transbaikal Territory
2026-04-01 03:34:30.150000+00:00,2026-04-01 03:34:30.150000+00:00,user_00217,0.0,1,3,1,0,0.0,0.0,0.0,0.0,Chrome,Windows,False,146.0.0,10,RU,Transbaikal Territory
2026-04-01 04:15:45.632000+00:00,2026-04-01 04:20:49.870000+00:00,user_00218,5.070633333333333,1,1,7,2,0.0,0.0,0.0,1.0,Yandex Browser,Windows,False,26.3.0,10,RU,Moscow Oblast
2026-04-01 04:34:09.934000+00:00,2026-04-01 04:37:18.719000+00:00,user_00218,3.1464166666666666,1,2,8,2,1.0,0.0,0.0,0.0,Yandex Browser,Windows,False,26.3.0,10,RU,Moscow Oblast
2026-04-01 03:13:19.516000+00:00,2026-04-01 03:15:40.290000+00:00,user_00219,2.346233333333333,1,1,7,2,0.0,0.0,0.0,1.0,Firefox,Windows,False,149.0,10,RU,Transbaikal Territory
2026-04-01 03:43:15.490000+00:00,2026-04-01 03:45:43.055000+00:00,user_00220,2.459416666666667,1,1,6,2,0.0,0.0,0.0,1.0,Chrome,Windows,False,146.0.0,10,RU,Irkutsk Oblast
2026-04-01 03:54:18.936000+00:00,2026-04-01 03:54:18.936000+00:00,user_00220,0.0,1,2,1,0,0.0,0.0,0.0,0.0,Chrome,Windows,False,146.0.0,10,RU,Irkutsk Oblast
2026-04-01 03:19:01.023000+00:00,2026-04-01 03:23:55.261000+00:00,user_00221,4.903966666666666,0,1,5,2,0.0,0.0,0.0,2.0,Chrome,Windows,False,146.0.0,10,LT,Šiauliai District Municipality
2026-04-01 03:40:16.805000+00:00,2026-04-01 03:44:41.328000+00:00,user_00221,4.408716666666667,1,2,10,5,1.0,0.0,1.0,0.0,Chrome Mobile,Android,True,146.0.0,10,RU,
2026-04-01 03:22:20.166000+00:00,2026-04-01 03:25:46.089000+00:00,user_00222,3.43205,1,1,9,4,1.0,0.0,0.0,1.0,Firefox,Windows,False,149.0,10,RU,Transbaikal Territory
2026-04-01 03:42:31.055000+00:00,2026-04-01 03:47:51.061000+00:00,user_00224,5.333433333333333,0,1,5,3,0.0,0.0,0.0,2.0,Chrome,Windows,False,109.0.0,10,RU,Omsk Oblast
2026-04-01 04:10:56.378000+00:00,2026-04-01 04:12:46.643000+00:00,user_00224,1.83775,0,2,3,2,0.0,0.0,0.0,1.0,Chrome,Windows,False,109.0.0,10,RU,Omsk Oblast
2026-04-01 03:45:35.779000+00:00,2026-04-01 03:56:12.518000+00:00,user_00225,10.612316666666667,1,1,41,35,9.0,6.0,1.0,2.0,Firefox,Windows,False,149.0,10,RU,Transbaikal Territory
2026-04-01 04:01:32.513000+00:00,2026-04-01 04:01:32.513000+00:00,user_00225,0.0,1,2,1,0,0.0,0.0,0.0,0.0,Firefox,Windows,False,149.0,10,RU,Transbaikal Territory
2026-04-01 04:01:32.522000+00:00,2026-04-01 04:01:32.522000+00:00,user_00225,0.0,1,3,1,0,0.0,0.0,0.0,0.0,Firefox,Windows,False,149.0,10,RU,Transbaikal Territory
2026-04-01 03:57:07.801000+00:00,2026-04-01 04:00:25.934000+00:00,user_00226,3.302216666666667,1,1,5,0,0.0,0.0,0.0,0.0,Yandex Browser,Windows,False,26.3.0,10,RU,Transbaikal Territory
2026-04-01 03:58:08.061000+00:00,2026-04-01 04:01:35.704000+00:00,user_00227,3.460716666666667,1,1,9,4,2.0,0.0,0.0,0.0,Chrome,Windows,False,146.0.0,10,RU,Transbaikal Territory
2026-04-01 04:04:57.927000+00:00,2026-04-01 04:04:57.927000+00:00,user_00227,0.0,1,2,1,0,0.0,0.0,0.0,0.0,Chrome,Windows,False,146.0.0,10,RU,Transbaikal Territory
2026-04-01 04:00:04.435000+00:00,2026-04-01 04:06:37.698000+00:00,user_00228,6.554383333333333,1,1,8,2,0.0,1.0,0.0,0.0,Yandex Browser,Windows,False,26.3.0,10,RU,Irkutsk Oblast
2026-04-01 04:17:32.115000+00:00,2026-04-01 04:20:39.842000+00:00,user_00229,3.1287833333333332,1,1,7,2,0.0,0.0,0.0,1.0,Firefox,Windows,False,149.0,10,RU,Transbaikal Territory
2026-04-01 04:19:55.832000+00:00,2026-04-01 04:23:15.933000+00:00,user_00230,3.3350166666666667,1,1,9,4,0.0,0.0,0.0,2.0,Yandex Browser,Windows,False,26.3.0,10,RU,Transbaikal Territory
2026-04-01 04:26:36.882000+00:00,2026-04-01 04:26:36.882000+00:00,user_00230,0.0,1,2,1,0,0.0,0.0,0.0,0.0,Yandex Browser,Windows,False,26.3.0,10,RU,Transbaikal Territory
2026-04-01 04:25:23.916000+00:00,2026-04-01 04:31:54.097000+00:00,user_00231,6.5030166666666664,0,1,7,3,0.0,0.0,0.0,2.0,Yandex Browser,Windows,False,26.3.0,10,RU,Irkutsk Oblast
2026-04-01 05:26:12.037000+00:00,2026-04-01 05:39:28.120000+00:00,user_00232,13.268049999999999,1,1,13,4,0.0,0.0,1.0,1.0,Mobile Safari,iOS,True,26.1,18.7,RU,Transbaikal Territory
2026-04-01 05:28:05.023000+00:00,2026-04-01 05:32:30.876000+00:00,user_00233,4.430883333333333,1,1,8,3,0.0,0.0,0.0,2.0,Chrome,Windows,False,146.0.0,10,RU,Udmurtiya Republic
2026-04-01 05:34:26.673000+00:00,2026-04-01 06:02:46.120000+00:00,user_00234,28.324116666666665,1,1,34,26,10.0,1.0,1.0,1.0,Yandex Browser,Windows,False,26.3.0,10,RU,Transbaikal Territory
2026-04-01 05:47:29.236000+00:00,2026-04-01 05:52:37.683000+00:00,user_00235,5.140783333333333,1,1,7,2,0.0,1.0,0.0,0.0,Mobile Safari,iOS,True,18.5,18.5,NL,North Holland
2026-04-01 06:01:35.316000+00:00,2026-04-01 06:04:32.487000+00:00,user_00235,2.9528499999999998,1,2,7,2,0.0,1.0,0.0,0.0,Mobile Safari,iOS,True,18.5,18.5,RU,Transbaikal Territory
2026-04-01 05:59:20.299000+00:00,2026-04-01 06:06:20.690000+00:00,user_00236,7.006516666666667,1,1,7,2,0.0,0.0,0.0,1.0,Opera,Windows,False,128.0.0,10,RU,
2026-04-01 06:01:30.122000+00:00,2026-04-01 06:20:59.408000+00:00,user_00237,19.4881,1,1,11,6,0.0,0.0,0.0,5.0,Edge,Windows,False,146.0.0,10,RU,Transbaikal Territory
2026-04-01 06:08:06.866000+00:00,2026-04-01 06:14:59.546000+00:00,user_00238,6.878,1,1,8,2,0.0,0.0,0.0,1.0,Yandex Browser,Windows,False,26.3.0,10,RU,Sverdlovsk Oblast
2026-04-01 06:16:37.731000+00:00,2026-04-01 06:27:33.410000+00:00,user_00239,10.927983333333334,0,1,8,5,0.0,0.0,0.0,3.0,Yandex Browser,Windows,False,25.12.0,10,RU,Transbaikal Territory
2026-04-01 07:31:30.414000+00:00,2026-04-01 07:36:51.783000+00:00,user_00239,5.35615,1,2,13,7,0.0,1.0,1.0,1.0,MiuiBrowser,Android,True,14.52.2,12,RU,
2026-04-01 07:39:54.529000+00:00,2026-04-01 07:39:54.529000+00:00,user_00239,0.0,1,3,1,0,0.0,0.0,0.0,0.0,Yandex Browser,Android,True,24.77.1,12,RU,
2026-04-01 06:29:00.131000+00:00,2026-04-01 06:32:38.304000+00:00,user_00240,3.636216666666667,1,1,5,0,0.0,0.0,0.0,0.0,Edge,Windows,False,146.0.0,10,RU,Transbaikal Territory
2026-04-01 06:38:37.734000+00:00,2026-04-01 06:38:37.734000+00:00,user_00240,0.0,1,2,1,0,0.0,0.0,0.0,0.0,Edge,Windows,False,146.0.0,10,RU,Transbaikal Territory
2026-04-01 06:55:19.438000+00:00,2026-04-01 06:58:08.665000+00:00,user_00240,2.82045,1,3,5,0,0.0,0.0,0.0,0.0,Edge,Windows,False,146.0.0,10,RU,Transbaikal Territory
2026-04-01 06:29:32.583000+00:00,2026-04-01 06:45:21.640000+00:00,user_00241,15.817616666666668,1,1,6,0,0.0,0.0,0.0,0.0,Chrome,Android,True,120.0.6099,14,RU,Transbaikal Territory
2026-04-01 07:28:26.996000+00:00,2026-04-01 07:32:34.524000+00:00,user_00241,4.125466666666666,1,2,6,0,0.0,0.0,0.0,0.0,Chrome,Android,True,120.0.6099,14,RU,
2026-04-01 08:13:57.321000+00:00,2026-04-01 08:20:19.246000+00:00,user_00241,6.3654166666666665,1,3,5,0,0.0,0.0,0.0,0.0,Chrome,Android,True,120.0.6099,14,RU,
2026-04-01 07:42:53.686000+00:00,2026-04-01 07:45:44.074000+00:00,user_00242,2.8398,0,1,3,2,0.0,0.0,0.0,1.0,Yandex Browser,Windows,False,25.12.0,10,RU,Moscow
2026-04-01 08:10:23.145000+00:00,2026-04-01 09:30:08.455000+00:00,user_00242,79.75516666666667,1,2,146,138,42.0,0.0,7.0,23.0,Edge,Windows,False,146.0.0,10,RU,
2026-04-01 06:34:33.786000+00:00,2026-04-01 06:39:27.430000+00:00,user_00243,4.894066666666666,0,1,4,2,1.0,0.0,0.0,0.0,Chrome,Windows,False,146.0.0,10,RU,Irkutsk Oblast
2026-04-01 07:18:09.949000+00:00,2026-04-01 07:25:07.087000+00:00,user_00243,6.952299999999999,1,2,10,4,0.0,0.0,1.0,1.0,Chrome,Windows,False,146.0.0,10,RU,Irkutsk Oblast
2026-04-01 07:27:12.286000+00:00,2026-04-01 07:27:12.286000+00:00,user_00243,0.0,1,3,1,0,0.0,0.0,0.0,0.0,Chrome,Windows,False,146.0.0,10,RU,Irkutsk Oblast
2026-04-01 06:50:27.717000+00:00,2026-04-01 06:56:25.687000+00:00,user_00244,5.966166666666667,0,1,3,1,0.0,0.0,0.0,1.0,Yandex Browser,Windows,False,25.12.0,10,RU,
2026-04-01 07:42:14.505000+00:00,2026-04-01 07:47:35.215000+00:00,user_00244,5.345166666666667,1,2,10,5,0.0,0.0,2.0,0.0,Yandex Browser,Windows,False,26.3.0,10,RU,
2026-04-01 07:07:52.473000+00:00,2026-04-01 07:13:30.396000+00:00,user_00245,5.6320500000000004,1,1,7,2,1.0,0.0,0.0,0.0,Edge,Windows,False,146.0.0,10,RU,
2026-04-01 07:11:05.727000+00:00,2026-04-01 07:15:30.589000+00:00,user_00246,4.414366666666667,1,1,25,20,6.0,0.0,1.0,3.0,Firefox,Windows,False,149.0,10,RU,Transbaikal Territory
2026-04-01 08:02:21.170000+00:00,2026-04-01 08:07:01.302000+00:00,user_00246,4.668866666666667,1,2,7,2,0.0,0.0,1.0,0.0,Yandex Browser,Windows,False,26.3.0,10,RU,Transbaikal Territory
2026-04-01 07:22:26.962000+00:00,2026-04-01 07:26:01.378000+00:00,user_00247,3.5736,0,1,6,5,0.0,0.0,0.0,5.0,Firefox,Windows,False,149.0,10,RU,Transbaikal Territory
2026-04-01 11:19:03.340000+00:00,2026-04-01 11:25:47.299000+00:00,user_00247,6.7326500000000005,1,2,19,14,4.0,0.0,1.0,2.0,Firefox,Windows,False,149.0,10,RU,Transbaikal Territory
2026-04-01 11:28:46.901000+00:00,2026-04-01 11:28:46.901000+00:00,user_00247,0.0,1,3,1,0,0.0,0.0,0.0,0.0,Firefox,Windows,False,149.0,10,RU,Transbaikal Territory
2026-04-01 07:25:57.351000+00:00,2026-04-01 07:35:53.167000+00:00,user_00248,9.930266666666666,1,1,9,2,0.0,0.0,0.0,1.0,Yandex Browser,Windows,False,26.3.0,10,RU,Transbaikal Territory
2026-04-01 07:41:33.622000+00:00,2026-04-01 07:48:48.686000+00:00,user_00249,7.251066666666667,1,1,7,2,1.0,0.0,0.0,0.0,Chrome Mobile,Android,True,146.0.0,10,RU,Transbaikal Territory
2026-04-01 07:44:44.568000+00:00,2026-04-01 07:53:26.998000+00:00,user_00250,8.707166666666666,1,1,14,8,0.0,0.0,2.0,3.0,Yandex Browser,Windows,False,24.10.0,10,RU,Irkutsk Oblast
2026-04-01 07:55:00.311000+00:00,2026-04-01 08:10:43.511000+00:00,user_00251,15.72,0,1,3,1,0.0,0.0,0.0,1.0,Chrome,Windows,False,146.0.0,10,RU,Khabarovsk
2026-04-01 08:21:15.963000+00:00,2026-04-01 08:31:20.066000+00:00,user_00251,10.068383333333333,1,2,10,5,0.0,0.0,0.0,3.0,Chrome,Windows,False,146.0.0,10,RU,Khabarovsk
2026-04-01 08:54:45.270000+00:00,2026-04-01 08:59:00.638000+00:00,user_00253,4.2561333333333335,1,1,5,0,0.0,0.0,0.0,0.0,Chrome Mobile,Android,True,146.0.0,10,RU,Transbaikal Territory
2026-04-01 09:21:13.886000+00:00,2026-04-01 09:26:09.205000+00:00,user_00253,4.921983333333333,0,2,4,0,0.0,0.0,0.0,0.0,Chrome Mobile,Android,True,146.0.0,10,RU,Transbaikal Territory
2026-04-01 09:01:19.037000+00:00,2026-04-01 09:06:36.693000+00:00,user_00254,5.294266666666667,1,1,9,4,0.0,2.0,0.0,0.0,Chrome,Android,True,120.0.6099,14,RU,
2026-04-01 09:17:45.704000+00:00,2026-04-01 09:22:35.648000+00:00,user_00256,4.832400000000001,0,1,2,1,0.0,0.0,0.0,1.0,Yandex Browser,Windows,False,25.8.0,10,RU,Irkutsk Oblast
2026-04-01 09:27:32.165000+00:00,2026-04-01 09:37:41.943000+00:00,user_00257,10.162966666666668,1,1,5,0,0.0,0.0,0.0,0.0,Yandex Browser,Windows,False,26.3.0,10,RU,Perm Krai
2026-04-01 09:37:03.278000+00:00,2026-04-01 09:41:21.597000+00:00,user_00258,4.305316666666667,1,1,9,4,0.0,0.0,2.0,0.0,Yandex Browser,Android,True,26.3.4,13,RU,Transbaikal Territory
2026-04-01 09:49:59.264000+00:00,2026-04-01 09:52:35.811000+00:00,user_00258,2.6091166666666665,1,2,7,2,1.0,0.0,0.0,0.0,Yandex Browser,Android,True,26.3.4,13,RU,Transbaikal Territory
2026-04-01 09:42:29.359000+00:00,2026-04-01 09:51:14.566000+00:00,user_00259,8.753449999999999,1,1,11,6,2.0,0.0,0.0,1.0,Yandex Browser,Windows,False,26.3.0,10,RU,
2026-04-01 09:44:53.777000+00:00,2026-04-01 09:48:15.947000+00:00,user_00260,3.3695,1,1,7,2,0.0,1.0,0.0,0.0,Chrome,Android,True,120.0.6099,14,RU,
2026-04-01 09:45:36.833000+00:00,2026-04-01 09:52:50.825000+00:00,user_00261,7.2332,1,1,7,2,0.0,0.0,0.0,1.0,Yandex Browser,Windows,False,26.3.0,10,RU,Rostov Oblast
2026-04-01 09:56:32.427000+00:00,2026-04-01 09:56:32.427000+00:00,user_00261,0.0,1,2,1,0,0.0,0.0,0.0,0.0,Yandex Browser,Windows,False,26.3.0,10,RU,Rostov Oblast
2026-04-01 10:03:03.583000+00:00,2026-04-01 10:06:25.851000+00:00,user_00262,3.3711333333333333,1,1,5,0,0.0,0.0,0.0,0.0,Chrome,Android,True,120.0.6099,14,RU,
2026-04-01 10:10:18.215000+00:00,2026-04-01 10:16:26.311000+00:00,user_00263,6.134933333333334,1,1,8,2,0.0,0.0,0.0,1.0,Chrome,Windows,False,146.0.0,10,RU,Transbaikal Territory
2026-04-01 10:16:21.303000+00:00,2026-04-01 10:20:46.772000+00:00,user_00264,4.424483333333333,1,1,5,0,0.0,0.0,0.0,0.0,Yandex Browser,Windows,False,26.3.0,10,RU,Transbaikal Territory
2026-04-01 10:24:03.579000+00:00,2026-04-01 10:27:48.685000+00:00,user_00265,3.7517666666666667,1,1,11,6,1.0,0.0,1.0,1.0,Chrome Mobile,Android,True,146.0.0,10,RU,Transbaikal Territory
2026-04-01 10:36:13.302000+00:00,2026-04-01 10:38:51.057000+00:00,user_00265,2.62925,1,2,5,0,0.0,0.0,0.0,0.0,Chrome Mobile,Android,True,146.0.0,10,RU,Transbaikal Territory
2026-04-01 10:44:29.627000+00:00,2026-04-01 10:47:15.367000+00:00,user_00265,2.7623333333333333,1,3,5,0,0.0,0.0,0.0,0.0,Chrome Mobile,Android,True,146.0.0,10,RU,Transbaikal Territory
2026-04-02 15:42:44.091000+00:00,2026-04-02 15:45:22.945000+00:00,user_00265,2.647566666666667,1,4,5,0,0.0,0.0,0.0,0.0,Chrome Mobile,Android,True,146.0.0,10,RU,Transbaikal Territory
2026-04-02 15:45:42.771000+00:00,2026-04-02 15:48:20.338000+00:00,user_00265,2.626116666666667,0,5,4,0,0.0,0.0,0.0,0.0,Chrome Mobile,Android,True,146.0.0,10,RU,Transbaikal Territory
2026-04-04 09:59:36.914000+00:00,2026-04-04 10:02:26.469000+00:00,user_00265,2.8259166666666666,1,6,5,0,0.0,0.0,0.0,0.0,Chrome Mobile,Android,True,146.0.0,10,RU,Transbaikal Territory
2026-04-06 06:44:19.584000+00:00,2026-04-06 06:47:05.372000+00:00,user_00265,2.7631333333333337,1,7,5,0,0.0,0.0,0.0,0.0,Chrome Mobile,Android,True,146.0.0,10,RU,Transbaikal Territory
2026-04-01 10:24:12.440000+00:00,2026-04-01 10:27:59.221000+00:00,user_00266,3.7796833333333333,1,1,5,0,0.0,0.0,0.0,0.0,Chrome,Android,True,120.0.6099,14,RU,
2026-04-01 11:06:17.417000+00:00,2026-04-01 11:18:14.805000+00:00,user_00267,11.956466666666667,1,1,18,10,0.0,0.0,5.0,0.0,Mobile Safari,iOS,True,26.3,18.7,RU,Krasnoyarsk Krai
2026-04-01 11:25:04.414000+00:00,2026-04-01 11:32:51.246000+00:00,user_00267,7.7805333333333335,1,2,8,2,0.0,0.0,0.0,1.0,Mobile Safari,iOS,True,26.3,18.7,RU,Krasnoyarsk Krai
2026-04-01 11:56:06.517000+00:00,2026-04-01 11:56:49.772000+00:00,user_00267,0.7209166666666668,1,3,5,0,0.0,0.0,0.0,0.0,Mobile Safari,iOS,True,26.3,18.7,RU,Krasnoyarsk Krai
2026-04-01 11:31:43.637000+00:00,2026-04-01 11:36:16.804000+00:00,user_00268,4.552783333333333,0,1,4,2,0.0,0.0,0.0,2.0,Chrome,Windows,False,146.0.0,10,RU,
2026-04-02 08:55:56.187000+00:00,2026-04-02 09:01:18.506000+00:00,user_00268,5.3719833333333336,0,2,3,1,0.0,0.0,0.0,1.0,Chrome,Windows,False,146.0.0,10,RU,Amur Oblast
2026-04-02 09:27:55.328000+00:00,2026-04-02 09:33:08.531000+00:00,user_00268,5.22005,1,3,10,5,0.0,1.0,0.0,1.0,Chrome,Windows,False,146.0.0,10,RU,Amur Oblast
2026-04-01 11:38:05.264000+00:00,2026-04-01 11:43:31.433000+00:00,user_00269,5.43615,1,1,21,16,6.0,0.0,2.0,0.0,Yandex Browser,Android,True,26.3.3,15,RU,Transbaikal Territory
2026-04-01 11:39:28.800000+00:00,2026-04-01 11:47:30.435000+00:00,user_00270,8.02725,1,1,11,6,0.0,1.0,1.0,1.0,Edge,Windows,False,146.0.0,10,RU,Irkutsk Oblast
2026-04-01 11:54:36.700000+00:00,2026-04-01 11:58:06.996000+00:00,user_00270,3.5049333333333332,1,2,11,6,2.0,0.0,0.0,1.0,Edge,Windows,False,146.0.0,10,RU,Irkutsk Oblast
2026-04-01 11:52:01.905000+00:00,2026-04-01 12:01:39.729000+00:00,user_00271,9.6304,1,1,7,2,1.0,0.0,0.0,0.0,Yandex Browser,Windows,False,26.3.0,10,RU,Irkutsk Oblast
2026-04-01 12:12:09.267000+00:00,2026-04-01 12:20:29.094000+00:00,user_00272,8.33045,1,1,17,12,0.0,2.0,3.0,1.0,Yandex Browser,Windows,False,26.3.0,10,RU,Irkutsk Oblast
2026-04-01 12:26:58.068000+00:00,2026-04-01 12:30:22.184000+00:00,user_00272,3.4019333333333335,1,2,13,8,0.0,0.0,4.0,0.0,Yandex Browser,Windows,False,26.3.0,10,RU,Irkutsk Oblast
2026-04-01 12:37:00.340000+00:00,2026-04-01 12:39:49.998000+00:00,user_00272,2.827633333333333,1,3,5,0,0.0,0.0,0.0,0.0,Yandex Browser,Windows,False,26.3.0,10,RU,Irkutsk Oblast
2026-04-01 12:43:26.070000+00:00,2026-04-01 12:43:26.070000+00:00,user_00272,0.0,1,4,1,0,0.0,0.0,0.0,0.0,Yandex Browser,Windows,False,26.3.0,10,RU,Irkutsk Oblast
2026-04-02 09:56:23.399000+00:00,2026-04-02 09:59:47.990000+00:00,user_00272,3.40985,1,5,7,2,0.0,0.0,1.0,0.0,Yandex Browser,Windows,False,26.3.0,10,RU,Irkutsk Oblast
2026-04-01 12:16:40.308000+00:00,2026-04-01 12:19:59.031000+00:00,user_00273,3.31205,0,1,3,1,0.0,0.0,0.0,1.0,Chrome,Windows,False,146.0.0,10,RU,Mariy-El Republic
2026-04-01 12:32:17.159000+00:00,2026-04-01 12:36:37.566000+00:00,user_00273,4.340116666666666,0,2,6,4,0.0,0.0,0.0,2.0,Chrome,Windows,False,146.0.0,10,RU,Mariy-El Republic
2026-04-01 12:19:16.094000+00:00,2026-04-01 12:27:12.835000+00:00,user_00274,7.945683333333333,1,1,9,2,0.0,0.0,0.0,1.0,Yandex Browser,Windows,False,26.3.0,10,RU,Irkutsk Oblast
2026-04-01 12:35:03.920000+00:00,2026-04-01 12:38:11.656000+00:00,user_00274,3.1289333333333333,1,2,5,0,0.0,0.0,0.0,0.0,Yandex Browser,Windows,False,26.3.0,10,RU,Irkutsk Oblast
2026-04-02 10:18:31.106000+00:00,2026-04-02 10:23:22.201000+00:00,user_00275,4.851583333333334,1,1,9,3,0.0,0.0,0.0,1.0,Firefox,Windows,False,149.0,10,RU,
2026-04-01 12:32:50.639000+00:00,2026-04-01 12:36:33.782000+00:00,user_00276,3.71905,1,1,5,0,0.0,0.0,0.0,0.0,Yandex Browser,Windows,False,26.3.0,10,RU,Transbaikal Territory
2026-04-01 12:57:16.600000+00:00,2026-04-01 13:01:11.994000+00:00,user_00277,3.9232333333333336,1,1,5,0,0.0,0.0,0.0,0.0,Yandex Browser,Windows,False,26.3.0,10,RU,Irkutsk Oblast
2026-04-01 12:55:45.246000+00:00,2026-04-01 13:05:44.312000+00:00,user_00278,9.984433333333333,0,1,3,1,0.0,0.0,0.0,1.0,Yandex Browser,Windows,False,25.12.0,10,RU,
2026-04-01 13:15:57.653000+00:00,2026-04-01 13:19:30.741000+00:00,user_00278,3.5514666666666668,0,2,3,2,0.0,0.0,0.0,1.0,Yandex Browser,Windows,False,25.12.0,10,RU,
2026-04-02 03:14:28.998000+00:00,2026-04-02 03:21:49.698000+00:00,user_00278,7.345,1,3,11,5,0.0,0.0,1.0,2.0,Edge,Windows,False,146.0.0,10,RU,
2026-04-01 13:57:58.686000+00:00,2026-04-01 14:19:02.208000+00:00,user_00280,21.058699999999998,1,1,18,14,1.0,0.0,5.0,1.0,Firefox,Windows,False,115.0,7,RU,Chuvash Republic
2026-04-01 14:18:33.717000+00:00,2026-04-01 14:29:31.523000+00:00,user_00281,10.963433333333334,1,1,5,0,0.0,0.0,0.0,0.0,Chrome,Windows,False,146.0.0,10,RU,Sakha
2026-04-01 14:25:12.378000+00:00,2026-04-01 14:28:56.899000+00:00,user_00282,3.7420166666666663,1,1,5,0,0.0,0.0,0.0,0.0,Edge,Windows,False,146.0.0,10,RU,Transbaikal Territory
2026-04-01 15:56:30.950000+00:00,2026-04-01 15:57:04.195000+00:00,user_00283,0.5540833333333333,0,1,2,0,0.0,0.0,0.0,0.0,Mobile Safari,iOS,True,17.5,17.5.1,RU,Nizhny Novgorod Oblast
2026-04-01 16:24:34.510000+00:00,2026-04-01 16:24:34.510000+00:00,user_00284,0.0,0,1,1,0,0.0,0.0,0.0,0.0,Yandex Browser,Windows,False,26.3.0,10,RU,
2026-04-03 06:56:50.837000+00:00,2026-04-03 07:25:40.394000+00:00,user_00284,28.82595,1,2,36,26,2.0,1.0,7.0,3.0,Yandex Browser,Windows,False,26.3.0,10,RU,Irkutsk Oblast
2026-04-02 00:20:02.727000+00:00,2026-04-02 00:36:16.436000+00:00,user_00285,16.228483333333333,1,1,24,16,0.0,0.0,3.0,9.0,Chrome,Windows,False,146.0.0,10,RU,Irkutsk Oblast
2026-04-02 00:37:02.016000+00:00,2026-04-02 00:42:51.916000+00:00,user_00285,5.831666666666666,1,2,3,0,0.0,0.0,0.0,0.0,Mobile Safari,iOS,True,26.3,18.7,RU,Irkutsk Oblast
2026-04-02 00:44:03.131000+00:00,2026-04-02 00:50:27.337000+00:00,user_00285,6.403433333333334,1,3,14,4,0.0,1.0,0.0,1.0,Chrome,Windows,False,146.0.0,10,RU,Irkutsk Oblast
2026-04-02 00:53:39.724000+00:00,2026-04-02 01:14:10.949000+00:00,user_00286,20.520416666666666,0,1,25,22,5.0,1.0,0.0,6.0,Chrome,Windows,False,144.0.0,10,RU,Transbaikal Territory
2026-04-02 01:25:37.635000+00:00,2026-04-02 01:32:12.134000+00:00,user_00286,6.574983333333334,1,2,15,11,2.0,0.0,0.0,3.0,Chrome,Windows,False,144.0.0,10,RU,Transbaikal Territory
2026-04-02 01:39:54.623000+00:00,2026-04-02 01:44:04.230000+00:00,user_00287,4.160116666666666,1,1,5,0,0.0,0.0,0.0,0.0,Chrome Mobile,Android,True,146.0.7680,15,RU,Irkutsk Oblast
2026-04-02 01:44:33.567000+00:00,2026-04-02 01:48:46.788000+00:00,user_00289,4.22035,1,1,5,0,0.0,0.0,0.0,0.0,Chrome,Windows,False,144.0.0,10,RU,Transbaikal Territory
2026-04-02 02:10:34.603000+00:00,2026-04-02 02:12:54.381000+00:00,user_00290,2.3296333333333332,0,1,3,2,0.0,0.0,0.0,1.0,Yandex Browser,Linux,False,24.7.6,,RU,
2026-04-02 06:38:51.789000+00:00,2026-04-02 06:42:08.913000+00:00,user_00290,3.2854,0,2,3,2,0.0,0.0,0.0,1.0,Yandex Browser,Linux,False,24.7.6,,RU,
2026-04-02 09:10:12.180000+00:00,2026-04-02 09:15:43.359000+00:00,user_00290,5.5196499999999995,1,3,18,13,0.0,0.0,6.0,0.0,Yandex Browser,Linux,False,24.7.6,,RU,
2026-04-03 07:06:26.555000+00:00,2026-04-03 07:10:02.837000+00:00,user_00290,3.6047000000000002,1,4,9,4,1.0,0.0,0.0,1.0,Yandex Browser,Linux,False,24.7.6,,RU,
2026-04-02 02:03:26.654000+00:00,2026-04-02 02:07:55.221000+00:00,user_00291,4.476116666666667,1,1,6,0,0.0,0.0,0.0,0.0,Yandex Browser,Windows,False,26.3.0,10,RU,Transbaikal Territory
2026-04-02 02:27:37.185000+00:00,2026-04-02 02:31:15.655000+00:00,user_00291,3.6411666666666664,1,2,5,0,0.0,0.0,0.0,0.0,Yandex Browser,Windows,False,26.3.0,10,RU,Transbaikal Territory
2026-04-02 02:12:01.697000+00:00,2026-04-02 02:25:04.344000+00:00,user_00292,13.044116666666667,1,1,6,0,0.0,0.0,0.0,0.0,Yandex Browser,Windows,False,26.3.0,10,RU,Transbaikal Territory
2026-04-02 02:32:09.710000+00:00,2026-04-02 02:34:54.713000+00:00,user_00292,2.75005,1,2,5,0,0.0,0.0,0.0,0.0,Yandex Browser,Windows,False,26.3.0,10,RU,Transbaikal Territory
2026-04-02 02:13:19.488000+00:00,2026-04-02 02:19:07.918000+00:00,user_00293,5.807166666666666,1,1,15,10,4.0,1.0,0.0,0.0,Chrome Mobile,Android,True,145.0.0,10,RU,Transbaikal Territory
2026-04-02 02:19:52.808000+00:00,2026-04-02 02:36:19.043000+00:00,user_00293,16.43725,0,2,7,0,0.0,0.0,0.0,0.0,Chrome Mobile,Android,True,145.0.0,10,RU,Transbaikal Territory
2026-04-02 05:46:09.209000+00:00,2026-04-02 05:48:38.459000+00:00,user_00293,2.4875,0,3,3,0,0.0,0.0,0.0,0.0,Chrome Mobile,Android,True,145.0.0,10,RU,Transbaikal Territory
2026-04-02 02:13:39.528000+00:00,2026-04-02 02:19:17.286000+00:00,user_00294,5.6293,1,1,5,0,0.0,0.0,0.0,0.0,Yandex Browser,Windows,False,26.3.0,10,RU,Irkutsk Oblast
2026-04-02 03:32:02.741000+00:00,2026-04-02 03:35:08.744000+00:00,user_00294,3.10005,1,2,5,0,0.0,0.0,0.0,0.0,Yandex Browser,Windows,False,26.3.0,10,RU,Irkutsk Oblast
2026-04-02 03:37:06.284000+00:00,2026-04-02 03:37:06.284000+00:00,user_00294,0.0,1,3,1,0,0.0,0.0,0.0,0.0,Yandex Browser,Windows,False,26.3.0,10,RU,Irkutsk Oblast
2026-04-02 02:33:46.553000+00:00,2026-04-02 02:38:26.791000+00:00,user_00295,4.670633333333333,0,1,4,3,0.0,0.0,0.0,3.0,Chrome,Windows,False,146.0.0,10,RU,Krasnoyarsk Krai
2026-04-02 02:37:10.138000+00:00,2026-04-02 02:40:22.959000+00:00,user_00296,3.2136833333333334,1,1,7,2,0.0,0.0,0.0,1.0,Chrome Mobile,Android,True,146.0.7680,12,GB,City of London
2026-04-02 02:42:15.698000+00:00,2026-04-02 02:45:27.602000+00:00,user_00296,3.1984,0,2,4,0,0.0,0.0,0.0,0.0,Chrome Mobile,Android,True,146.0.7680,12,RU,Transbaikal Territory
2026-04-02 04:10:20.934000+00:00,2026-04-02 04:12:33.898000+00:00,user_00296,2.216066666666667,0,3,3,0,0.0,0.0,0.0,0.0,Chrome Mobile,Android,True,146.0.7680,12,RU,Transbaikal Territory
2026-04-02 02:45:24.232000+00:00,2026-04-02 02:53:11.440000+00:00,user_00297,7.7868,1,1,11,6,0.0,1.0,1.0,1.0,Yandex Browser,Windows,False,26.3.0,10,RU,
2026-04-02 02:50:07.915000+00:00,2026-04-02 02:58:17.757000+00:00,user_00298,8.164033333333332,1,1,18,12,6.0,0.0,0.0,0.0,Chrome,Windows,False,122.0.0,10,RU,Irkutsk Oblast
2026-04-02 03:09:37.633000+00:00,2026-04-02 03:15:18.973000+00:00,user_00299,5.688999999999999,1,1,5,0,0.0,0.0,0.0,0.0,Yandex Browser,Windows,False,26.3.0,10,RU,Transbaikal Territory
2026-04-02 03:10:44.857000+00:00,2026-04-02 03:18:06.192000+00:00,user_00300,7.355583333333333,1,1,17,12,5.0,1.0,0.0,0.0,Yandex Browser,Windows,False,26.3.0,10,RU,Transbaikal Territory
2026-04-02 03:32:05.347000+00:00,2026-04-02 03:32:05.347000+00:00,user_00300,0.0,1,2,1,0,0.0,0.0,0.0,0.0,Yandex Browser,Windows,False,26.3.0,10,RU,Transbaikal Territory
2026-04-02 03:33:09.238000+00:00,2026-04-02 03:38:12.720000+00:00,user_00300,5.058033333333333,1,3,11,6,3.0,0.0,0.0,0.0,Yandex Browser,Windows,False,26.3.0,10,RU,Transbaikal Territory
2026-04-02 03:55:19.803000+00:00,2026-04-02 04:09:25.002000+00:00,user_00301,14.086649999999999,1,1,9,4,0.0,0.0,1.0,1.0,Edge,Windows,False,146.0.0,10,RU,
2026-04-02 03:42:29.285000+00:00,2026-04-02 04:32:10.433000+00:00,user_00302,49.6858,1,1,103,91,10.0,0.0,35.0,1.0,Yandex Browser,Windows,False,26.3.0,10,RU,Transbaikal Territory
2026-04-02 03:59:18.054000+00:00,2026-04-02 04:03:06.108000+00:00,user_00303,3.8009,1,1,5,0,0.0,0.0,0.0,0.0,Chrome,Windows,False,146.0.0,10,RU,
2026-04-02 03:53:13.146000+00:00,2026-04-02 03:57:50.368000+00:00,user_00304,4.6203666666666665,0,1,6,3,0.0,0.0,1.0,1.0,Yandex Browser,Windows,False,26.3.0,10,RU,
2026-04-02 03:54:16.169000+00:00,2026-04-02 04:13:11.170000+00:00,user_00305,18.91668333333333,1,1,17,8,4.0,0.0,0.0,0.0,Yandex Browser,Windows,False,26.3.0,10,RU,Irkutsk Oblast
2026-04-02 04:28:03.972000+00:00,2026-04-02 04:31:22.959000+00:00,user_00305,3.31645,1,2,5,0,0.0,0.0,0.0,0.0,Yandex Browser,Windows,False,26.3.0,10,RU,Irkutsk Oblast
2026-04-02 03:55:28.423000+00:00,2026-04-02 03:58:23.423000+00:00,user_00306,2.9166666666666665,1,1,5,0,0.0,0.0,0.0,0.0,Chrome,Windows,False,146.0.0,10,RU,Transbaikal Territory
2026-04-02 04:03:20.469000+00:00,2026-04-02 04:05:52.334000+00:00,user_00306,2.5310833333333336,1,2,5,0,0.0,0.0,0.0,0.0,Chrome,Windows,False,146.0.0,10,RU,Transbaikal Territory
2026-04-02 04:06:29.621000+00:00,2026-04-02 04:18:56.574000+00:00,user_00307,12.449216666666667,1,1,10,4,1.0,0.0,1.0,0.0,Mobile Safari,iOS,True,18.6,18.6.2,RU,Transbaikal Territory
2026-04-02 04:11:19.738000+00:00,2026-04-02 04:17:03.913000+00:00,user_00308,5.73625,0,1,11,7,1.0,0.0,1.0,2.0,Chrome,Windows,False,122.0.0,10,RU,
2026-04-03 05:32:32.495000+00:00,2026-04-03 05:37:27.278000+00:00,user_00308,4.91305,1,2,7,2,1.0,0.0,0.0,0.0,Chrome,Windows,False,122.0.0,10,RU,
2026-04-03 05:43:36.964000+00:00,2026-04-03 05:48:28.656000+00:00,user_00308,4.861533333333333,1,3,5,0,0.0,0.0,0.0,0.0,Chrome,Windows,False,122.0.0,10,RU,
2026-04-02 04:16:56.031000+00:00,2026-04-02 04:28:49.971000+00:00,user_00309,11.899000000000001,0,1,8,5,2.0,0.0,1.0,0.0,Chrome,Windows,False,146.0.0,10,RU,Komi
2026-04-02 05:26:26.687000+00:00,2026-04-02 05:27:05.308000+00:00,user_00309,0.6436833333333334,1,2,3,1,0.0,0.0,0.0,0.0,Chrome,Windows,False,146.0.0,10,RU,Komi
2026-04-02 04:21:48.920000+00:00,2026-04-02 04:26:45.295000+00:00,user_00310,4.939583333333333,1,1,7,2,1.0,0.0,0.0,0.0,Chrome,Windows,False,146.0.0,10,RU,Udmurtiya Republic
2026-04-06 04:58:55.082000+00:00,2026-04-06 05:05:37.475000+00:00,user_00311,6.706549999999999,1,1,9,4,0.0,0.0,1.0,1.0,Yandex Browser,Windows,False,26.3.0,10,RU,Primorye
2026-04-02 04:28:44.503000+00:00,2026-04-02 04:41:54.632000+00:00,user_00313,13.168816666666666,1,1,7,2,0.0,0.0,0.0,1.0,Chrome,Windows,False,132.0.0,10,RU,
2026-04-02 04:36:04.036000+00:00,2026-04-02 04:39:44.836000+00:00,user_00314,3.68,1,1,5,0,0.0,0.0,0.0,0.0,Chrome,Windows,False,146.0.0,10,RU,Transbaikal Territory
2026-04-02 04:39:47.804000+00:00,2026-04-02 04:44:28.487000+00:00,user_00315,4.67805,1,1,5,0,0.0,0.0,0.0,0.0,Chrome,Windows,False,146.0.0,10,RU,
2026-04-02 04:45:52.569000+00:00,2026-04-02 04:48:30.135000+00:00,user_00316,2.6261,1,1,5,0,0.0,0.0,0.0,0.0,Chrome,Windows,False,146.0.0,10,RU,Transbaikal Territory
2026-04-02 04:47:36.319000+00:00,2026-04-02 04:51:13.901000+00:00,user_00317,3.6263666666666667,0,1,3,0,0.0,0.0,0.0,0.0,Edge,Windows,False,146.0.0,10,RU,
2026-04-02 04:49:37.898000+00:00,2026-04-02 04:56:31.632000+00:00,user_00318,6.895566666666666,1,1,7,2,1.0,0.0,0.0,0.0,Chrome,Windows,False,146.0.0,10,RU,Udmurtiya Republic
2026-04-02 04:54:08.212000+00:00,2026-04-02 05:14:21.814000+00:00,user_00319,20.2267,1,1,11,4,0.0,0.0,0.0,2.0,Yandex Browser,Windows,False,23.7.1,10,RU,Irkutsk Oblast
2026-04-02 05:21:53.186000+00:00,2026-04-02 05:26:49.250000+00:00,user_00319,4.9344,1,2,5,0,0.0,0.0,0.0,0.0,Yandex Browser,Windows,False,26.3.0,10,RU,Irkutsk Oblast
2026-04-02 05:34:29.865000+00:00,2026-04-02 05:38:32.842000+00:00,user_00319,4.049616666666667,1,3,5,0,0.0,0.0,0.0,0.0,Yandex Browser,Windows,False,26.3.0,10,RU,Irkutsk Oblast
2026-04-02 06:10:08.549000+00:00,2026-04-02 06:14:34.889000+00:00,user_00319,4.438999999999999,1,4,5,0,0.0,0.0,0.0,0.0,Yandex Browser,Windows,False,26.3.0,10,RU,Irkutsk Oblast
2026-04-02 04:56:23.831000+00:00,2026-04-02 05:04:44.716000+00:00,user_00320,8.348083333333333,1,1,9,4,1.0,0.0,0.0,1.0,Chrome,Windows,False,146.0.0,10,RU,Bashkortostan Republic
2026-04-02 04:59:31.277000+00:00,2026-04-02 05:09:10.007000+00:00,user_00322,9.6455,0,1,7,4,1.0,0.0,0.0,1.0,Yandex Browser,Windows,False,26.3.0,10,RU,
2026-04-03 03:46:07.286000+00:00,2026-04-03 03:50:56.190000+00:00,user_00322,4.815066666666667,1,2,7,2,0.0,0.0,1.0,0.0,Yandex Browser,Windows,False,26.3.0,10,RU,
2026-04-02 05:07:39.228000+00:00,2026-04-02 05:10:58.320000+00:00,user_00323,3.3182,1,1,7,2,0.0,0.0,1.0,0.0,Chrome Mobile,Android,True,146.0.0,10,RU,Transbaikal Territory
2026-04-02 05:12:10.393000+00:00,2026-04-02 05:18:37.616000+00:00,user_00323,6.453716666666667,0,2,10,0,0.0,0.0,0.0,0.0,Chrome Mobile,Android,True,146.0.0,10,RU,Transbaikal Territory
2026-04-02 12:43:24.215000+00:00,2026-04-02 12:44:07.957000+00:00,user_00323,0.7290333333333333,0,3,3,0,0.0,0.0,0.0,0.0,Chrome Mobile,Android,True,146.0.0,10,RU,Transbaikal Territory
2026-04-02 05:07:46.820000+00:00,2026-04-02 05:12:29.750000+00:00,user_00324,4.7155000000000005,1,1,5,0,0.0,0.0,0.0,0.0,Yandex Browser,Windows,False,26.3.0,10,RU,Moscow Oblast
2026-04-02 05:07:56.900000+00:00,2026-04-02 05:35:55.420000+00:00,user_00325,27.97533333333333,1,1,19,9,0.0,0.0,0.0,7.0,Chrome,Windows,False,112.0.0,10,RU,Transbaikal Territory
2026-04-02 05:08:53.680000+00:00,2026-04-02 05:11:57.701000+00:00,user_00326,3.0670166666666665,1,1,5,0,0.0,0.0,0.0,0.0,Chrome,Windows,False,146.0.0,10,RU,Udmurtiya Republic
2026-04-02 05:15:03.486000+00:00,2026-04-02 05:45:50.470000+00:00,user_00329,30.783066666666667,1,1,29,20,0.0,10.0,0.0,0.0,Chrome,Windows,False,146.0.0,10,RU,Krasnodar Krai
2026-04-02 05:16:19.740000+00:00,2026-04-02 05:20:55.860000+00:00,user_00330,4.602,1,1,5,0,0.0,0.0,0.0,0.0,Chrome,Windows,False,146.0.0,10,RU,Udmurtiya Republic
2026-04-02 05:17:23.050000+00:00,2026-04-02 05:22:49.665000+00:00,user_00331,5.443583333333334,1,1,7,2,0.0,0.0,0.0,1.0,Yandex Browser,Windows,False,25.2.0,10,RU,Transbaikal Territory
2026-04-02 05:20:44.021000+00:00,2026-04-02 05:27:41.864000+00:00,user_00333,6.96405,1,1,6,0,0.0,0.0,0.0,0.0,Yandex Browser,Windows,False,26.3.0,10,RU,Irkutsk Oblast
2026-04-03 07:10:00.542000+00:00,2026-04-03 07:31:43.331000+00:00,user_00334,21.71315,1,1,10,4,0.0,0.0,0.0,2.0,Chrome,Windows,False,146.0.0,10,RU,Irkutsk Oblast
2026-04-02 05:52:42.887000+00:00,2026-04-02 05:55:22.169000+00:00,user_00335,2.6547,1,1,5,0,0.0,0.0,0.0,0.0,Chrome,Windows,False,146.0.0,10,RU,Transbaikal Territory
2026-04-02 05:56:47.100000+00:00,2026-04-02 06:00:53.434000+00:00,user_00336,4.105566666666666,1,1,6,0,0.0,0.0,0.0,0.0,Yandex Browser,Windows,False,26.3.0,10,RU,Moscow Oblast
2026-04-02 06:03:04.687000+00:00,2026-04-02 06:03:04.687000+00:00,user_00336,0.0,1,2,1,0,0.0,0.0,0.0,0.0,Yandex Browser,Windows,False,26.3.0,10,RU,Moscow Oblast
2026-04-02 06:05:10.311000+00:00,2026-04-02 06:08:00.296000+00:00,user_00337,2.8330833333333336,1,1,5,0,0.0,0.0,0.0,0.0,Chrome,Windows,False,146.0.0,10,RU,Transbaikal Territory
2026-04-02 07:27:53.200000+00:00,2026-04-02 07:37:49.011000+00:00,user_00338,9.930183333333334,1,1,14,9,2.0,0.0,0.0,4.0,Edge,Windows,False,146.0.0,10,RU,
2026-04-02 06:18:49.253000+00:00,2026-04-02 06:23:16.392000+00:00,user_00339,4.4523166666666665,0,1,4,0,0.0,0.0,0.0,0.0,Yandex Browser,Android,True,26.34.1,16,RU,Bashkortostan Republic
2026-04-02 06:25:42.356000+00:00,2026-04-02 06:34:47.310000+00:00,user_00340,9.082566666666667,0,1,3,2,0.0,0.0,0.0,2.0,Firefox,Windows,False,140.0,10,RU,Mariy-El Republic
2026-04-02 07:49:52.658000+00:00,2026-04-02 07:52:06.737000+00:00,user_00340,2.2346500000000002,0,2,3,2,0.0,0.0,0.0,1.0,Chrome,Windows,False,135.0.0,10,RU,Mariy-El Republic
2026-04-02 08:04:23.978000+00:00,2026-04-02 08:15:16.541000+00:00,user_00340,10.87605,0,3,4,3,0.0,0.0,0.0,2.0,Chrome,Windows,False,146.0.0,10,RU,Mariy-El Republic
2026-04-02 10:30:16.925000+00:00,2026-04-02 10:36:08.268000+00:00,user_00340,5.855716666666667,1,4,7,3,0.0,0.0,1.0,0.0,Chrome,Windows,False,146.0.0,10,RU,Mariy-El Republic
2026-04-02 06:33:06.972000+00:00,2026-04-02 06:36:08.163000+00:00,user_00341,3.01985,0,1,2,1,0.0,0.0,0.0,1.0,Edge,Windows,False,146.0.0,10,RU,Irkutsk Oblast
2026-04-02 07:00:41.046000+00:00,2026-04-02 07:06:21.287000+00:00,user_00341,5.670683333333333,0,2,7,4,0.0,0.0,0.0,2.0,Chrome Mobile WebView,Android,True,146.0.7680,16,RU,Irkutsk Oblast
2026-04-02 07:29:43.785000+00:00,2026-04-02 08:13:08.273000+00:00,user_00341,43.40813333333333,1,3,35,21,2.0,1.0,2.0,5.0,Chrome Mobile WebView,Android,True,146.0.7680,16,RU,Irkutsk Oblast
2026-04-02 08:13:39.938000+00:00,2026-04-02 08:34:50.879000+00:00,user_00341,21.18235,0,4,24,0,0.0,0.0,0.0,0.0,Chrome Mobile,Android,True,146.0.0,10,RU,Irkutsk Oblast
2026-04-02 06:47:46.125000+00:00,2026-04-02 07:17:20.568000+00:00,user_00342,29.57405,1,1,18,8,1.0,0.0,0.0,3.0,Chrome,Mac OS X,False,146.0.0,10.15.7,RU,Irkutsk Oblast
2026-04-02 07:20:11.937000+00:00,2026-04-02 07:44:42.097000+00:00,user_00343,24.502666666666666,1,1,19,7,0.0,1.0,0.0,2.0,Yandex Browser,Windows,False,25.10.0,10,RU,Transbaikal Territory
2026-04-02 07:00:12.547000+00:00,2026-04-02 07:05:30.474000+00:00,user_00344,5.298783333333334,1,1,5,0,0.0,0.0,0.0,0.0,Yandex Browser,Windows,False,26.3.0,10,RU,Irkutsk Oblast
2026-04-02 07:14:09.905000+00:00,2026-04-02 07:18:30.693000+00:00,user_00345,4.346466666666667,1,1,7,2,0.0,0.0,0.0,1.0,Yandex Browser,Windows,False,26.3.0,10,RU,Irkutsk Oblast
2026-04-02 07:29:54.698000+00:00,2026-04-02 07:35:42.168000+00:00,user_00346,5.791166666666667,1,1,13,8,0.0,0.0,3.0,1.0,Chrome,Windows,False,146.0.0,10,RU,Primorye
2026-04-02 07:45:52.127000+00:00,2026-04-02 07:45:52.127000+00:00,user_00346,0.0,1,2,1,0,0.0,0.0,0.0,0.0,Chrome,Windows,False,146.0.0,10,RU,Primorye
2026-04-02 07:32:33.194000+00:00,2026-04-02 07:37:47.850000+00:00,user_00347,5.244266666666666,1,1,10,4,0.0,0.0,1.0,1.0,Yandex Browser,Windows,False,26.3.0,10,RU,Primorye
2026-04-02 07:47:28.153000+00:00,2026-04-02 07:53:35.470000+00:00,user_00348,6.12195,1,1,5,0,0.0,0.0,0.0,0.0,Chrome,Windows,False,146.0.0,10,RU,Murmansk
2026-04-02 07:53:29.496000+00:00,2026-04-02 08:00:19.771000+00:00,user_00349,6.837916666666667,1,1,9,2,0.0,0.0,1.0,0.0,Yandex Browser,Windows,False,26.3.0,10,RU,Irkutsk Oblast
2026-04-02 07:56:16.824000+00:00,2026-04-02 08:00:13.589000+00:00,user_00350,3.946083333333333,1,1,5,0,0.0,0.0,0.0,0.0,Yandex Browser,Windows,False,26.3.0,10,RU,Irkutsk Oblast
2026-04-02 08:05:56.867000+00:00,2026-04-02 08:11:30.805000+00:00,user_00351,5.565633333333333,1,1,5,0,0.0,0.0,0.0,0.0,Chrome,Windows,False,146.0.0,10,RU,
2026-04-02 08:15:05.869000+00:00,2026-04-02 08:15:05.869000+00:00,user_00351,0.0,1,2,1,0,0.0,0.0,0.0,0.0,Chrome,Windows,False,146.0.0,10,RU,
2026-04-02 08:09:57.219000+00:00,2026-04-02 08:22:48.093000+00:00,user_00352,12.847900000000001,1,1,43,38,17.0,0.0,2.0,0.0,Yandex Browser,Windows,False,26.3.0,10,RU,Irkutsk Oblast
2026-04-02 08:29:01.188000+00:00,2026-04-02 08:35:31.202000+00:00,user_00352,6.500233333333333,1,2,37,32,15.0,0.0,1.0,0.0,Yandex Browser,Windows,False,26.3.0,10,RU,Irkutsk Oblast
2026-04-02 08:42:41.357000+00:00,2026-04-02 08:47:39.356000+00:00,user_00352,4.9666500000000005,1,3,27,22,6.0,0.0,5.0,0.0,Yandex Browser,Windows,False,26.3.0,10,RU,Irkutsk Oblast
2026-04-02 08:54:08.264000+00:00,2026-04-02 08:59:04.349000+00:00,user_00352,4.934749999999999,1,4,41,36,15.0,0.0,3.0,0.0,Yandex Browser,Windows,False,26.3.0,10,RU,Irkutsk Oblast
2026-04-02 08:33:32.424000+00:00,2026-04-02 08:41:06.737000+00:00,user_00353,7.571883333333333,1,1,8,3,0.0,0.0,0.0,2.0,Chrome,Windows,False,146.0.0,10,RU,
2026-04-02 08:35:01.136000+00:00,2026-04-02 08:50:48.882000+00:00,user_00354,15.795766666666667,1,1,38,28,14.0,0.0,0.0,0.0,Chrome,Windows,False,146.0.0,10,RU,
2026-04-02 08:41:50.209000+00:00,2026-04-02 08:51:33.796000+00:00,user_00355,9.72645,1,1,15,10,1.0,0.0,0.0,6.0,Yandex Browser,Windows,False,26.3.0,10,RU,Kemerovo Oblast
2026-04-02 09:03:08.766000+00:00,2026-04-02 09:07:21.029000+00:00,user_00355,4.204383333333333,1,2,13,6,1.0,0.0,0.0,2.0,Yandex Browser,Windows,False,26.3.0,10,RU,Kemerovo Oblast
2026-04-02 09:14:49.513000+00:00,2026-04-02 09:21:38.564000+00:00,user_00355,6.817516666666666,1,3,7,2,0.0,0.0,0.0,1.0,Yandex Browser,Windows,False,26.3.0,10,RU,Kemerovo Oblast
2026-04-02 09:25:48.410000+00:00,2026-04-02 09:25:48.410000+00:00,user_00355,0.0,1,4,1,0,0.0,0.0,0.0,0.0,Yandex Browser,Windows,False,26.3.0,10,RU,Kemerovo Oblast
2026-04-02 08:45:05.997000+00:00,2026-04-02 08:49:56.631000+00:00,user_00356,4.8439000000000005,1,1,7,2,1.0,0.0,0.0,0.0,Edge,Windows,False,146.0.0,10,RU,
2026-04-02 08:54:16.021000+00:00,2026-04-02 08:54:16.021000+00:00,user_00356,0.0,1,2,1,0,0.0,0.0,0.0,0.0,Edge,Windows,False,146.0.0,10,RU,
2026-04-02 09:00:29.161000+00:00,2026-04-02 09:03:09.831000+00:00,user_00357,2.677833333333333,1,1,5,0,0.0,0.0,0.0,0.0,Chrome,Windows,False,146.0.0,10,RU,Transbaikal Territory
2026-04-02 08:49:11.154000+00:00,2026-04-02 09:03:48.403000+00:00,user_00358,14.620816666666666,1,1,11,6,2.0,0.0,0.0,1.0,Yandex Browser,Windows,False,26.3.0,10,RU,
2026-04-02 09:12:04.734000+00:00,2026-04-02 09:12:04.734000+00:00,user_00358,0.0,1,2,1,0,0.0,0.0,0.0,0.0,Yandex Browser,Windows,False,26.3.0,10,RU,
2026-04-02 08:49:37.248000+00:00,2026-04-02 08:53:56.646000+00:00,user_00359,4.323300000000001,1,1,7,2,0.0,0.0,0.0,1.0,Yandex Browser,Windows,False,26.3.0,10,RU,Transbaikal Territory
2026-04-02 16:26:51.428000+00:00,2026-04-02 16:32:34.476000+00:00,user_00360,5.717466666666667,1,1,9,4,0.0,0.0,1.0,1.0,Yandex Browser,Windows,False,24.10.0,10,RU,Nizhny Novgorod Oblast
2026-04-02 09:10:09.356000+00:00,2026-04-02 09:19:40.071000+00:00,user_00361,9.511916666666668,1,1,12,6,1.0,0.0,1.0,1.0,Yandex Browser,Windows,False,26.3.0,10,RU,Irkutsk Oblast
2026-04-02 10:10:43.740000+00:00,2026-04-02 10:19:25.832000+00:00,user_00362,8.701533333333334,1,1,43,38,0.0,0.0,19.0,0.0,Chrome Mobile,Android,True,146.0.0,10,RU,Transbaikal Territory
2026-04-04 00:56:22.798000+00:00,2026-04-04 00:59:39.354000+00:00,user_00362,3.2759333333333336,1,2,5,0,0.0,0.0,0.0,0.0,Yandex Browser,Windows,False,26.3.0,10,RU,Transbaikal Territory
2026-04-02 10:11:16.098000+00:00,2026-04-02 10:16:26.841000+00:00,user_00363,5.17905,1,1,9,4,0.0,0.0,0.0,2.0,Yandex Browser,Windows,False,26.3.0,10,RU,Orenburg Oblast
2026-04-02 10:13:02.027000+00:00,2026-04-02 10:18:20.906000+00:00,user_00364,5.31465,0,1,3,1,0.0,0.0,0.0,1.0,Yandex Browser,Windows,False,26.3.0,10,RU,Belgorod Oblast
2026-04-03 08:19:10.337000+00:00,2026-04-03 08:31:26.508000+00:00,user_00364,12.269516666666668,1,2,17,9,0.0,2.0,0.0,3.0,Yandex Browser,Windows,False,26.3.0,10,RU,Belgorod Oblast
2026-04-02 10:15:50.780000+00:00,2026-04-02 10:26:57.511000+00:00,user_00365,11.112183333333332,0,1,3,1,0.0,0.0,0.0,1.0,Chrome Mobile WebView,Android,True,146.0.7680,14,RU,Primorye
2026-04-02 11:02:12.337000+00:00,2026-04-02 11:10:05.870000+00:00,user_00365,7.892216666666667,1,2,10,4,0.0,0.0,2.0,0.0,Yandex Browser,Android,True,25.12.3,14,RU,Primorye
2026-04-03 03:06:12.352000+00:00,2026-04-03 03:11:19.506000+00:00,user_00365,5.119233333333333,1,3,11,6,3.0,0.0,0.0,0.0,Yandex Browser,Android,True,25.12.3,14,RU,Primorye
2026-04-03 03:12:06.235000+00:00,2026-04-03 03:15:04.469000+00:00,user_00365,2.970566666666667,0,4,4,0,0.0,0.0,0.0,0.0,Yandex Browser,Android,True,25.12.3,14,RU,Primorye
2026-04-03 10:32:58.558000+00:00,2026-04-03 10:32:58.558000+00:00,user_00365,0.0,0,5,1,0,0.0,0.0,0.0,0.0,Yandex Browser,Android,True,25.12.3,14,RU,Moscow Oblast
2026-04-04 10:27:34.914000+00:00,2026-04-04 10:30:48.453000+00:00,user_00365,3.22565,1,6,5,0,0.0,0.0,0.0,0.0,Yandex Browser,Android,True,25.12.3,14,RU,Moscow Oblast
2026-04-04 10:35:12.444000+00:00,2026-04-04 10:44:30.558000+00:00,user_00365,9.3019,0,7,4,0,0.0,0.0,0.0,0.0,Chrome Mobile,Android,True,146.0.0,10,RU,Moscow Oblast
2026-04-05 10:41:10.073000+00:00,2026-04-05 10:46:29.010000+00:00,user_00365,5.315616666666667,1,8,21,16,8.0,0.0,0.0,0.0,Yandex Browser,Android,True,26.3.4,14,RU,Primorye
2026-04-02 10:59:35.391000+00:00,2026-04-02 11:03:12.779000+00:00,user_00367,3.6231333333333335,1,1,7,2,1.0,0.0,0.0,0.0,Chrome Mobile,Android,True,146.0.0,10,RU,Primorye
2026-04-02 11:03:51.819000+00:00,2026-04-02 11:13:16.334000+00:00,user_00367,9.408583333333333,0,2,5,0,0.0,0.0,0.0,0.0,Chrome Mobile,Android,True,146.0.0,10,RU,Primorye
2026-04-03 11:24:25.803000+00:00,2026-04-03 11:30:57.411000+00:00,user_00367,6.5268,1,3,13,8,0.0,0.0,3.0,1.0,Chrome Mobile,Android,True,146.0.0,10,RU,Primorye
2026-04-03 11:44:23.289000+00:00,2026-04-03 11:50:13.664000+00:00,user_00367,5.839583333333334,0,4,4,0,0.0,0.0,0.0,0.0,Chrome Mobile,Android,True,146.0.7680,16,RU,Primorye
2026-04-04 11:26:28.175000+00:00,2026-04-04 11:34:27.113000+00:00,user_00367,7.9822999999999995,1,5,7,2,0.0,0.0,1.0,0.0,Chrome Mobile,Android,True,146.0.0,10,RU,Primorye
2026-04-05 10:52:24.908000+00:00,2026-04-05 10:55:19.569000+00:00,user_00367,2.911016666666667,1,6,5,0,0.0,0.0,0.0,0.0,Chrome Mobile,Android,True,146.0.0,10,RU,Moscow Oblast
2026-04-05 10:55:36.649000+00:00,2026-04-05 10:55:58.028000+00:00,user_00367,0.35631666666666667,0,7,2,0,0.0,0.0,0.0,0.0,Chrome Mobile,Android,True,146.0.0,10,RU,Moscow Oblast
2026-04-02 11:09:40.718000+00:00,2026-04-02 11:17:24.953000+00:00,user_00368,7.73725,1,1,7,0,0.0,0.0,0.0,0.0,Opera,Mac OS X,False,126.0.0,10.15.7,RU,Sakha
2026-04-02 11:25:54.883000+00:00,2026-04-02 11:32:45.489000+00:00,user_00369,6.8434333333333335,1,1,5,0,0.0,0.0,0.0,0.0,Chrome,Windows,False,146.0.0,10,RU,Transbaikal Territory
2026-04-02 11:19:11.033000+00:00,2026-04-02 11:21:41.983000+00:00,user_00370,2.515833333333333,1,1,5,0,0.0,0.0,0.0,0.0,Chrome,Windows,False,146.0.0,10,RU,Transbaikal Territory
2026-04-02 11:37:20.919000+00:00,2026-04-02 11:44:07.361000+00:00,user_00371,6.774033333333334,1,1,9,4,2.0,0.0,0.0,0.0,Chrome,Windows,False,146.0.0,10,RU,Transbaikal Territory
2026-04-02 11:46:08.050000+00:00,2026-04-02 11:51:16.862000+00:00,user_00372,5.146866666666667,1,1,5,0,0.0,0.0,0.0,0.0,Yandex Browser,Windows,False,26.3.0,10,RU,Irkutsk Oblast
2026-04-02 11:50:20.505000+00:00,2026-04-02 11:56:58.627000+00:00,user_00373,6.635366666666667,1,1,5,0,0.0,0.0,0.0,0.0,Chrome,Windows,False,146.0.0,10,RU,Transbaikal Territory
2026-04-02 12:04:58.752000+00:00,2026-04-02 12:07:42.393000+00:00,user_00374,2.72735,1,1,5,0,0.0,0.0,0.0,0.0,Chrome,Windows,False,146.0.0,10,RU,Transbaikal Territory
2026-04-02 12:05:46.432000+00:00,2026-04-02 12:15:58.524000+00:00,user_00375,10.201533333333334,1,1,26,21,5.0,1.0,3.0,2.0,Yandex Browser,Windows,False,26.3.0,10,RU,Amur Oblast
2026-04-02 12:08:55.350000+00:00,2026-04-02 12:18:53.066000+00:00,user_00376,9.961933333333333,1,1,7,2,0.0,1.0,0.0,0.0,Yandex Browser,Windows,False,26.3.0,10,RU,Transbaikal Territory
2026-04-02 12:25:30.323000+00:00,2026-04-02 12:25:30.323000+00:00,user_00376,0.0,1,2,1,0,0.0,0.0,0.0,0.0,Yandex Browser,Windows,False,26.3.0,10,RU,Transbaikal Territory
2026-04-02 12:15:42.585000+00:00,2026-04-02 12:21:36.889000+00:00,user_00377,5.9050666666666665,1,1,29,24,6.0,0.0,6.0,0.0,Yandex Browser,Windows,False,26.3.0,10,RU,Transbaikal Territory
2026-04-02 12:21:40.738000+00:00,2026-04-02 12:34:58.496000+00:00,user_00378,13.295966666666667,1,1,21,16,4.0,0.0,4.0,0.0,Chrome,Windows,False,146.0.0,10,RU,Irkutsk Oblast
2026-04-02 12:23:29.651000+00:00,2026-04-02 12:30:35.884000+00:00,user_00379,7.103883333333333,1,1,5,0,0.0,0.0,0.0,0.0,Edge,Windows,False,146.0.0,10,RU,
2026-04-02 12:29:00.600000+00:00,2026-04-02 12:33:05.268000+00:00,user_00380,4.0778,1,1,7,2,0.0,1.0,0.0,0.0,Chrome,Windows,False,146.0.0,10,RU,Transbaikal Territory
2026-04-02 12:43:08.125000+00:00,2026-04-02 12:47:39.574000+00:00,user_00381,4.524150000000001,1,1,5,0,0.0,0.0,0.0,0.0,Chrome,Windows,False,146.0.0,10,RU,Transbaikal Territory
2026-04-02 12:49:20.507000+00:00,2026-04-02 12:54:09.683000+00:00,user_00382,4.819599999999999,1,1,9,4,0.0,0.0,1.0,1.0,Chrome Mobile,Android,True,146.0.0,10,RU,Tomsk Oblast
2026-04-02 12:55:09.583000+00:00,2026-04-02 13:11:10.023000+00:00,user_00382,16.007333333333335,0,2,10,0,0.0,0.0,0.0,0.0,Chrome Mobile,Android,True,146.0.0,10,RU,Tomsk Oblast
2026-04-03 03:34:06.851000+00:00,2026-04-03 03:37:34.206000+00:00,user_00382,3.4559166666666665,1,3,6,0,0.0,0.0,0.0,0.0,Chrome Mobile,Android,True,146.0.0,10,RU,Tomsk Oblast
2026-04-03 03:38:11.441000+00:00,2026-04-03 03:43:13.949000+00:00,user_00382,5.041799999999999,0,4,4,0,0.0,0.0,0.0,0.0,Chrome Mobile,Android,True,146.0.0,10,RU,Tomsk Oblast
2026-04-02 12:51:27.142000+00:00,2026-04-02 13:00:52.226000+00:00,user_00383,9.418066666666666,1,1,15,10,3.0,2.0,0.0,0.0,Chrome,Windows,False,146.0.0,10,RU,Transbaikal Territory
2026-04-02 12:56:19.656000+00:00,2026-04-02 13:01:10.510000+00:00,user_00384,4.847566666666666,1,1,7,2,0.0,0.0,0.0,1.0,Chrome,Windows,False,146.0.0,10,RU,
2026-04-02 13:11:13.544000+00:00,2026-04-02 13:22:34.335000+00:00,user_00385,11.346516666666668,1,1,10,3,0.0,0.0,0.0,2.0,Yandex Browser,Windows,False,26.3.0,10,RU,Irkutsk Oblast
2026-04-02 14:01:08.613000+00:00,2026-04-02 14:31:03.376000+00:00,user_00387,29.912716666666665,1,1,28,20,4.0,1.0,2.0,3.0,Edge,Windows,False,146.0.0,10,RU,
2026-04-02 14:50:19.605000+00:00,2026-04-02 15:00:53.200000+00:00,user_00388,10.559916666666668,1,1,7,2,0.0,0.0,0.0,1.0,Chrome,Windows,False,146.0.0,10,RU,
2026-04-02 14:56:01.848000+00:00,2026-04-02 15:02:19.875000+00:00,user_00389,6.30045,1,1,9,4,1.0,0.0,1.0,0.0,Chrome,Windows,False,146.0.0,10,RU,
2026-04-02 15:15:16.323000+00:00,2026-04-02 15:21:47.496000+00:00,user_00390,6.51955,1,1,9,4,2.0,0.0,0.0,0.0,Chrome,Windows,False,146.0.0,10,RU,
2026-04-02 16:25:15.142000+00:00,2026-04-02 16:47:24.387000+00:00,user_00391,22.154083333333332,1,1,8,2,1.0,0.0,0.0,0.0,Yandex Browser,Windows,False,26.3.0,10,RU,
2026-04-02 16:57:07.989000+00:00,2026-04-02 16:57:07.989000+00:00,user_00391,0.0,1,2,1,0,0.0,0.0,0.0,0.0,Yandex Browser,Windows,False,26.3.0,10,RU,
2026-04-02 16:35:43.703000+00:00,2026-04-02 16:41:35.836000+00:00,user_00392,5.868883333333333,1,1,8,2,0.0,0.0,0.0,1.0,Chrome,Windows,False,146.0.0,10,RU,
2026-04-02 16:38:04.621000+00:00,2026-04-02 16:47:23.776000+00:00,user_00393,9.31925,1,1,24,18,8.0,0.0,0.0,1.0,Yandex Browser,Windows,False,24.10.0,10,RU,Rostov Oblast
2026-04-02 16:49:07.552000+00:00,2026-04-02 16:54:31.714000+00:00,user_00393,5.402699999999999,1,2,3,0,0.0,0.0,0.0,0.0,Yandex Browser,Windows,False,24.10.0,10,RU,Rostov Oblast
2026-04-02 19:45:30.639000+00:00,2026-04-02 19:55:31.123000+00:00,user_00394,10.008066666666668,0,1,9,5,1.0,0.0,0.0,2.0,Yandex Browser,Windows,False,26.3.0,10,RU,Kaluga Oblast
2026-04-04 08:34:29.318000+00:00,2026-04-04 08:41:07.310000+00:00,user_00394,6.6332,1,2,7,0,0.0,0.0,0.0,0.0,Yandex Browser,Windows,False,26.3.0,10,RU,Irkutsk Oblast
2026-04-02 20:25:24.437000+00:00,2026-04-02 20:31:29.457000+00:00,user_00395,6.083666666666667,0,1,4,2,0.0,0.0,0.0,1.0,Chrome,Windows,False,146.0.0,10,RU,Volgograd Oblast
2026-04-04 12:30:00.942000+00:00,2026-04-04 12:56:23.737000+00:00,user_00395,26.379916666666666,1,2,14,5,0.0,0.0,0.0,2.0,Chrome,Windows,False,146.0.0,10,RU,Irkutsk Oblast
2026-04-02 23:48:53.941000+00:00,2026-04-02 23:51:16.588000+00:00,user_00396,2.37745,0,1,2,1,0.0,0.0,0.0,1.0,Chrome,Windows,False,146.0.0,10,RU,Irkutsk Oblast
2026-04-03 00:02:09.864000+00:00,2026-04-03 00:06:22.240000+00:00,user_00396,4.206266666666667,1,2,8,3,0.0,0.0,1.0,0.0,Mobile Safari,iOS,True,26.3,18.7,RU,Irkutsk Oblast
2026-04-03 00:06:33.887000+00:00,2026-04-03 00:12:36.888000+00:00,user_00396,6.050016666666666,1,3,4,0,0.0,0.0,0.0,0.0,Chrome,Windows,False,146.0.0,10,RU,Irkutsk Oblast
2026-04-03 00:00:43.920000+00:00,2026-04-03 00:11:14.064000+00:00,user_00397,10.5024,0,1,15,9,0.0,4.0,0.0,1.0,Chrome,Windows,False,146.0.0,10,RU,Irkutsk Oblast
2026-04-03 00:35:41.374000+00:00,2026-04-03 00:40:55.926000+00:00,user_00397,5.242533333333333,1,2,12,6,1.0,2.0,0.0,0.0,Chrome Mobile,Android,True,146.0.0,10,RU,Irkutsk Oblast
2026-04-03 00:41:36.544000+00:00,2026-04-03 00:43:31.557000+00:00,user_00397,1.9168833333333335,0,3,6,0,0.0,0.0,0.0,0.0,Chrome Mobile,Android,True,146.0.0,10,RU,Irkutsk Oblast
2026-04-03 00:54:34.193000+00:00,2026-04-03 01:10:13.050000+00:00,user_00397,15.647616666666666,0,4,8,0,0.0,0.0,0.0,0.0,Edge,Windows,False,144.0.0,10,RU,Irkutsk Oblast
2026-04-03 01:22:03.976000+00:00,2026-04-03 01:34:43.157000+00:00,user_00397,12.653016666666668,1,5,7,0,0.0,0.0,0.0,0.0,Chrome,Windows,False,146.0.0,10,RU,Irkutsk Oblast
2026-04-03 01:35:31.248000+00:00,2026-04-03 01:48:14.276000+00:00,user_00397,12.717133333333333,1,6,6,0,0.0,0.0,0.0,0.0,Chrome,Windows,False,146.0.0,10,RU,Irkutsk Oblast
2026-04-03 01:49:15.815000+00:00,2026-04-03 01:52:42.272000+00:00,user_00397,3.44095,1,7,5,0,0.0,0.0,0.0,0.0,Chrome,Windows,False,146.0.0,10,RU,Irkutsk Oblast
2026-04-03 01:55:25.908000+00:00,2026-04-03 02:23:17.132000+00:00,user_00397,27.85373333333333,0,8,16,0,0.0,0.0,0.0,0.0,Chrome,Windows,False,146.0.0,10,RU,Irkutsk Oblast
2026-04-04 03:28:49.727000+00:00,2026-04-04 03:33:00.452000+00:00,user_00397,4.17875,1,9,11,6,0.0,3.0,0.0,0.0,Chrome,Windows,False,146.0.0,10,RU,Irkutsk Oblast
2026-04-03 00:32:00.088000+00:00,2026-04-03 00:34:00.659000+00:00,user_00398,2.009516666666667,0,1,3,2,0.0,0.0,0.0,2.0,Yandex Browser,Windows,False,26.3.0,10,RU,Irkutsk Oblast
2026-04-03 00:50:39.493000+00:00,2026-04-03 00:52:17.966000+00:00,user_00398,1.6412166666666665,0,2,3,2,0.0,0.0,0.0,1.0,Yandex Browser,Windows,False,26.3.0,10,RU,Irkutsk Oblast
2026-04-03 03:18:10.724000+00:00,2026-04-03 03:20:11.418000+00:00,user_00398,2.0115666666666665,0,3,3,2,0.0,0.0,0.0,1.0,Yandex Browser,Windows,False,26.3.0,10,RU,Irkutsk Oblast
2026-04-03 01:09:52.464000+00:00,2026-04-03 01:14:43.929000+00:00,user_00399,4.857749999999999,1,1,5,0,0.0,0.0,0.0,0.0,Yandex Browser,Windows,False,26.3.0,10,RU,Irkutsk Oblast
2026-04-03 01:11:58.692000+00:00,2026-04-03 01:29:28.116000+00:00,user_00400,17.4904,1,1,15,2,1.0,0.0,0.0,0.0,Yandex Browser,Android,True,26.3.1,16,RU,Irkutsk Oblast
2026-04-03 01:29:51.860000+00:00,2026-04-03 01:30:24.451000+00:00,user_00400,0.5431833333333334,0,2,2,0,0.0,0.0,0.0,0.0,Yandex Browser,Android,True,26.3.1,16,RU,Irkutsk Oblast
2026-04-03 01:42:34.899000+00:00,2026-04-03 01:43:53.788000+00:00,user_00400,1.3148166666666665,0,3,3,0,0.0,0.0,0.0,0.0,Yandex Browser,Android,True,26.3.1,16,RU,Irkutsk Oblast
2026-04-03 03:01:57.856000+00:00,2026-04-03 03:07:36.831000+00:00,user_00400,5.649583333333334,0,4,3,0,0.0,0.0,0.0,0.0,Yandex Browser,Windows,False,26.3.0,10,RU,Irkutsk Oblast
2026-04-05 09:33:53.229000+00:00,2026-04-05 09:33:53.229000+00:00,user_00400,0.0,0,5,1,0,0.0,0.0,0.0,0.0,Yandex Browser,Windows,False,26.3.0,10,RU,Irkutsk Oblast
2026-04-03 01:19:33.330000+00:00,2026-04-03 01:26:39.382000+00:00,user_00401,7.100866666666667,1,1,5,0,0.0,0.0,0.0,0.0,Yandex Browser,Windows,False,26.3.0,10,RU,Irkutsk Oblast
2026-04-03 01:34:17.394000+00:00,2026-04-03 01:39:39.571000+00:00,user_00402,5.369616666666667,1,1,7,2,0.0,0.0,0.0,1.0,Yandex Browser,Windows,False,26.3.0,10,RU,Irkutsk Oblast
2026-04-03 01:53:43.547000+00:00,2026-04-03 01:59:27.651000+00:00,user_00403,5.7350666666666665,1,1,17,12,5.0,1.0,0.0,0.0,Yandex Browser,Windows,False,26.3.0,10,RU,Moscow Oblast
2026-04-03 02:21:50.030000+00:00,2026-04-03 02:32:08.530000+00:00,user_00404,10.308333333333334,1,1,19,12,4.0,0.0,1.0,1.0,Chrome,Windows,False,146.0.0,10,RU,Irkutsk Oblast
2026-04-03 02:26:38.380000+00:00,2026-04-03 02:31:04.615000+00:00,user_00405,4.437250000000001,1,1,5,0,0.0,0.0,0.0,0.0,Yandex Browser,Windows,False,26.3.0,10,RU,Irkutsk Oblast
2026-04-03 02:46:29.975000+00:00,2026-04-03 02:50:45.283000+00:00,user_00406,4.255133333333333,1,1,5,0,0.0,0.0,0.0,0.0,Yandex Browser,Windows,False,26.3.0,10,RU,Irkutsk Oblast
2026-04-03 03:00:27.170000+00:00,2026-04-03 03:04:26.563000+00:00,user_00406,3.9898833333333332,1,2,5,0,0.0,0.0,0.0,0.0,Yandex Browser,Windows,False,26.3.0,10,RU,Irkutsk Oblast
2026-04-03 02:49:53.878000+00:00,2026-04-03 02:53:45.391000+00:00,user_00407,3.85855,1,1,14,6,2.0,0.0,0.0,1.0,Chrome Mobile,Android,True,146.0.0,10,RU,Irkutsk Oblast
2026-04-03 02:56:36.572000+00:00,2026-04-03 02:58:59.880000+00:00,user_00408,2.3884666666666665,0,1,3,2,0.0,0.0,0.0,2.0,Yandex Browser,Windows,False,26.3.0,10,RU,Irkutsk Oblast
2026-04-03 03:00:50.117000+00:00,2026-04-03 03:10:55.018000+00:00,user_00409,10.081683333333332,1,1,20,12,1.0,0.0,4.0,1.0,Chrome,Windows,False,146.0.0,10,RU,Irkutsk Oblast
2026-04-03 03:11:06.730000+00:00,2026-04-03 03:17:25.010000+00:00,user_00409,6.304666666666666,1,2,3,0,0.0,0.0,0.0,0.0,Chrome,Windows,False,146.0.0,10,RU,Irkutsk Oblast
2026-04-03 03:18:20.363000+00:00,2026-04-03 03:22:19.619000+00:00,user_00409,3.9876,1,3,11,4,1.0,0.0,0.0,1.0,Chrome,Windows,False,146.0.0,10,RU,Irkutsk Oblast
2026-04-03 03:22:25.569000+00:00,2026-04-03 03:25:38.482000+00:00,user_00409,3.215216666666667,1,4,2,0,0.0,0.0,0.0,0.0,Chrome,Windows,False,146.0.0,10,RU,Irkutsk Oblast
2026-04-03 03:28:27.076000+00:00,2026-04-03 03:34:40.111000+00:00,user_00410,6.217250000000001,1,1,10,4,1.0,0.0,0.0,1.0,Chrome,Windows,False,146.0.0,10,RU,Irkutsk Oblast
2026-04-03 03:31:40.370000+00:00,2026-04-03 03:35:09.771000+00:00,user_00411,3.490016666666667,1,1,5,0,0.0,0.0,0.0,0.0,Yandex Browser,Windows,False,26.3.0,10,RU,Irkutsk Oblast
2026-04-03 03:41:37.953000+00:00,2026-04-03 03:44:54.701000+00:00,user_00411,3.2791333333333332,1,2,5,0,0.0,0.0,0.0,0.0,Yandex Browser,Windows,False,26.3.0,10,RU,Irkutsk Oblast
2026-04-06 06:10:01.238000+00:00,2026-04-06 06:13:01.446000+00:00,user_00411,3.0034666666666667,1,3,5,0,0.0,0.0,0.0,0.0,Yandex Browser,Windows,False,26.3.0,10,RU,Irkutsk Oblast
2026-04-06 06:16:55.927000+00:00,2026-04-06 06:16:55.927000+00:00,user_00411,0.0,1,4,1,0,0.0,0.0,0.0,0.0,Yandex Browser,Windows,False,26.3.0,10,RU,Irkutsk Oblast
2026-04-03 03:53:09.896000+00:00,2026-04-03 04:01:14.090000+00:00,user_00412,8.0699,1,1,20,10,2.0,0.0,1.0,2.0,Chrome,Windows,False,146.0.0,10,RU,Irkutsk Oblast
2026-04-03 04:01:23.836000+00:00,2026-04-03 04:06:31.943000+00:00,user_00412,5.135116666666667,1,2,3,0,0.0,0.0,0.0,0.0,Chrome,Windows,False,146.0.0,10,RU,Irkutsk Oblast
2026-04-03 04:01:02.513000+00:00,2026-04-03 04:05:57.974000+00:00,user_00413,4.9243500000000004,0,1,3,1,0.0,0.0,0.0,1.0,Edge,Windows,False,146.0.0,10,RU,Novosibirsk Oblast
2026-04-03 04:03:42.952000+00:00,2026-04-03 04:15:06.601000+00:00,user_00414,11.39415,1,1,5,0,0.0,0.0,0.0,0.0,Yandex Browser,Windows,False,26.3.0,10,RU,
2026-04-03 04:20:57.082000+00:00,2026-04-03 04:20:57.082000+00:00,user_00414,0.0,1,2,1,0,0.0,0.0,0.0,0.0,Yandex Browser,Windows,False,26.3.0,10,RU,
2026-04-03 04:14:04.904000+00:00,2026-04-03 04:25:39.764000+00:00,user_00415,11.581,1,1,17,12,3.0,0.0,1.0,3.0,Chrome,Windows,False,114.0.0,10,RU,
2026-04-03 04:21:56.907000+00:00,2026-04-03 04:37:15.905000+00:00,user_00416,15.316633333333334,1,1,19,14,3.0,0.0,1.0,4.0,Yandex Browser,Windows,False,24.10.0,10,RU,Irkutsk Oblast
2026-04-03 04:47:50.336000+00:00,2026-04-03 05:07:40.859000+00:00,user_00416,19.842049999999997,0,2,19,0,0.0,0.0,0.0,0.0,Yandex Browser,Windows,False,24.10.0,10,RU,Irkutsk Oblast
2026-04-03 04:33:30.320000+00:00,2026-04-03 04:37:28.562000+00:00,user_00417,3.9707,1,1,5,0,0.0,0.0,0.0,0.0,Yandex Browser,Windows,False,26.3.0,10,RU,Irkutsk Oblast
2026-04-03 05:08:37.351000+00:00,2026-04-03 05:24:38.056000+00:00,user_00418,16.01175,1,1,17,12,3.0,0.0,2.0,1.0,Chrome,Windows,False,146.0.0,10,RU,
2026-04-03 05:09:41.790000+00:00,2026-04-03 05:14:38.517000+00:00,user_00419,4.945449999999999,0,1,3,1,0.0,0.0,0.0,1.0,Yandex Browser,Windows,False,26.3.0,10,RU,Sakha
2026-04-03 05:17:53.372000+00:00,2026-04-03 05:23:01.926000+00:00,user_00420,5.142566666666666,1,1,11,4,0.0,1.0,0.0,1.0,Chrome,Windows,False,146.0.0,10,RU,Irkutsk Oblast
2026-04-03 05:23:10.666000+00:00,2026-04-03 05:27:48.875000+00:00,user_00420,4.636816666666666,1,2,2,0,0.0,0.0,0.0,0.0,Chrome,Windows,False,146.0.0,10,RU,Irkutsk Oblast
2026-04-03 05:28:54.673000+00:00,2026-04-03 05:32:06.543000+00:00,user_00420,3.1978333333333335,1,3,6,0,0.0,0.0,0.0,0.0,Chrome,Windows,False,146.0.0,10,RU,Irkutsk Oblast
2026-04-03 05:25:39.040000+00:00,2026-04-03 05:37:56.241000+00:00,user_00421,12.286683333333334,1,1,17,12,3.0,0.0,0.0,3.0,Chrome,Windows,False,146.0.0,10,RU,Udmurtiya Republic
2026-04-03 05:37:56.781000+00:00,2026-04-03 05:44:04.652000+00:00,user_00422,6.131183333333333,1,1,5,0,0.0,0.0,0.0,0.0,Yandex Browser,Windows,False,26.3.0,10,RU,Amur Oblast
2026-04-03 05:45:53.467000+00:00,2026-04-03 05:55:10.217000+00:00,user_00423,9.279166666666667,1,1,21,16,4.0,0.0,4.0,0.0,Yandex Browser,Windows,False,26.3.0,10,RU,Irkutsk Oblast
2026-04-03 06:03:07.503000+00:00,2026-04-03 06:06:48.978000+00:00,user_00423,3.6912499999999997,1,2,7,2,1.0,0.0,0.0,0.0,Yandex Browser,Windows,False,26.3.0,10,RU,Irkutsk Oblast
2026-04-03 05:52:59.888000+00:00,2026-04-03 05:57:27.372000+00:00,user_00424,4.458066666666666,1,1,5,0,0.0,0.0,0.0,0.0,Chrome,Android,False,146.0.0,10,RU,Tomsk Oblast
2026-04-03 06:02:51.372000+00:00,2026-04-03 06:15:36.769000+00:00,user_00424,12.756616666666668,0,2,8,0,0.0,0.0,0.0,0.0,Chrome,Android,False,146.0.0,10,RU,Tomsk Oblast
2026-04-03 06:58:16.844000+00:00,2026-04-03 07:00:41.831000+00:00,user_00424,2.4164499999999998,0,3,3,0,0.0,0.0,0.0,0.0,Chrome,Android,False,146.0.0,10,RU,Tomsk Oblast
2026-04-04 03:32:52.652000+00:00,2026-04-04 03:36:53.355000+00:00,user_00424,4.011716666666667,1,4,7,2,0.0,0.0,1.0,0.0,Chrome,Android,False,146.0.0,10,RU,Tomsk Oblast
2026-04-04 03:37:19.026000+00:00,2026-04-04 03:40:13.017000+00:00,user_00424,2.8998500000000003,0,5,3,0,0.0,0.0,0.0,0.0,Chrome,Android,False,146.0.0,10,RU,Tomsk Oblast
2026-04-04 06:39:32.607000+00:00,2026-04-04 06:41:05.711000+00:00,user_00424,1.5517333333333334,0,6,2,0,0.0,0.0,0.0,0.0,Yandex Browser,Windows,False,26.3.0,10,RU,Tomsk Oblast
2026-04-04 10:41:16.438000+00:00,2026-04-04 10:49:25.011000+00:00,user_00424,8.142883333333334,0,7,4,0,0.0,0.0,0.0,0.0,Yandex Browser,Windows,False,26.3.0,10,RU,Tomsk Oblast
2026-04-06 04:45:41.878000+00:00,2026-04-06 04:56:16.426000+00:00,user_00424,10.5758,1,8,7,2,0.0,0.0,0.0,1.0,Yandex Browser,Windows,False,26.3.0,10,RU,Tomsk Oblast
2026-04-03 06:10:11.425000+00:00,2026-04-03 06:22:09.898000+00:00,user_00425,11.974549999999999,1,1,13,8,0.0,0.0,4.0,0.0,Chrome,Windows,False,146.0.0,10,RU,
2026-04-03 06:11:43.971000+00:00,2026-04-03 06:24:02.682000+00:00,user_00426,12.31185,1,1,20,12,4.0,0.0,0.0,2.0,Yandex Browser,Windows,False,26.3.0,10,RU,Moscow
2026-04-03 06:35:23.038000+00:00,2026-04-03 06:59:16.313000+00:00,user_00427,23.88791666666667,1,1,14,6,0.0,0.0,0.0,3.0,Yandex Browser,Windows,False,25.12.0,10,RU,Khanty-Mansia
2026-04-03 06:43:30.953000+00:00,2026-04-03 07:09:09.021000+00:00,user_00428,25.634466666666665,1,1,15,9,1.0,1.0,1.0,2.0,Yandex Browser,Windows,False,26.3.0,10,RU,Bashkortostan Republic
2026-04-03 06:46:30.772000+00:00,2026-04-03 06:49:24.824000+00:00,user_00429,2.9008666666666665,0,1,2,1,0.0,0.0,0.0,1.0,Yandex Browser,Windows,False,25.12.0,10,RU,Rostov Oblast
2026-04-03 07:07:08.494000+00:00,2026-04-03 07:11:43.742000+00:00,user_00429,4.587466666666667,1,2,11,5,1.0,0.0,0.0,1.0,Yandex Browser,Windows,False,26.3.0,10,RU,Rostov Oblast
2026-04-03 07:11:19.441000+00:00,2026-04-03 07:21:33.383000+00:00,user_00430,10.232366666666667,1,1,8,4,0.0,0.0,0.0,2.0,Chrome,Windows,False,146.0.0,10,RU,
2026-04-03 07:56:07.454000+00:00,2026-04-03 08:08:39.229000+00:00,user_00431,12.529583333333333,1,1,9,2,0.0,0.0,0.0,1.0,Chrome,Windows,False,146.0.0,10,RU,Irkutsk Oblast
2026-04-03 08:16:07.860000+00:00,2026-04-03 08:19:47.714000+00:00,user_00432,3.6642333333333337,1,1,8,2,0.0,0.0,0.0,1.0,Chrome,Windows,False,146.0.0,10,RU,Irkutsk Oblast
2026-04-03 08:19:54.431000+00:00,2026-04-03 08:29:05.727000+00:00,user_00432,9.188266666666667,1,2,2,0,0.0,0.0,0.0,0.0,Chrome,Windows,False,146.0.0,10,RU,Irkutsk Oblast
2026-04-03 08:30:18.407000+00:00,2026-04-03 08:34:06.530000+00:00,user_00432,3.80205,1,3,13,6,1.0,0.0,1.0,1.0,Chrome Mobile,Android,True,146.0.0,10,RU,Irkutsk Oblast
2026-04-03 08:59:06.171000+00:00,2026-04-03 09:39:06.629000+00:00,user_00433,40.00763333333334,1,1,17,8,0.0,0.0,0.0,5.0,Opera,Windows,False,129.0.0,10,RU,Irkutsk Oblast
2026-04-04 01:52:13.692000+00:00,2026-04-04 02:04:36.602000+00:00,user_00434,12.381833333333333,1,1,14,7,0.0,0.0,1.0,3.0,Firefox,Windows,False,148.0,10,RU,Irkutsk Oblast
2026-04-03 10:13:05.367000+00:00,2026-04-03 10:13:05.367000+00:00,user_00435,0.0,0,1,1,0,0.0,0.0,0.0,0.0,Edge,Windows,False,145.0.0,10,RU,
2026-04-03 12:39:12.715000+00:00,2026-04-03 12:39:12.715000+00:00,user_00435,0.0,0,2,1,0,0.0,0.0,0.0,0.0,Edge,Windows,False,145.0.0,10,RU,
2026-04-03 10:17:13.312000+00:00,2026-04-03 10:22:22.904000+00:00,user_00436,5.159866666666667,1,1,7,0,0.0,0.0,0.0,0.0,Yandex Browser,Windows,False,26.3.0,10,RU,Irkutsk Oblast
2026-04-03 11:26:27.932000+00:00,2026-04-03 11:39:09.988000+00:00,user_00437,12.700933333333333,1,1,17,11,0.0,0.0,4.0,2.0,Chrome,Windows,False,146.0.0,10,RU,Samara Oblast
2026-04-03 11:56:51.440000+00:00,2026-04-03 12:05:45.243000+00:00,user_00438,8.896716666666666,0,1,5,3,0.0,0.0,0.0,2.0,Yandex Browser,Windows,False,26.3.0,10,RU,Irkutsk Oblast
2026-04-03 12:23:47.257000+00:00,2026-04-03 12:31:47.575000+00:00,user_00438,8.0053,1,2,7,1,0.0,0.0,0.0,0.0,Yandex Browser,Windows,False,26.3.0,10,RU,Irkutsk Oblast
2026-04-04 11:26:52.771000+00:00,2026-04-04 11:34:32.032000+00:00,user_00438,7.65435,1,3,9,4,0.0,0.0,0.0,2.0,Yandex Browser,Windows,False,26.3.0,10,RU,Irkutsk Oblast
2026-04-03 11:58:15.927000+00:00,2026-04-03 12:03:28.822000+00:00,user_00439,5.214916666666666,1,1,9,4,2.0,0.0,0.0,0.0,Yandex Browser,Windows,False,26.3.0,10,RU,Irkutsk Oblast
2026-04-03 12:00:19.350000+00:00,2026-04-03 12:05:06.436000+00:00,user_00440,4.784766666666667,0,1,4,0,0.0,0.0,0.0,0.0,Yandex Browser,Windows,False,26.3.0,10,RU,Primorye
2026-04-03 12:16:13.926000+00:00,2026-04-03 12:16:36.186000+00:00,user_00440,0.37100000000000005,1,2,4,2,0.0,0.0,1.0,0.0,Yandex Browser,Windows,False,26.3.0,10,RU,Primorye
2026-04-03 12:20:00.697000+00:00,2026-04-03 12:20:00.697000+00:00,user_00440,0.0,1,3,1,0,0.0,0.0,0.0,0.0,Yandex Browser,Windows,False,26.3.0,10,RU,Primorye
2026-04-03 12:05:18.776000+00:00,2026-04-03 12:10:39.529000+00:00,user_00441,5.345883333333333,0,1,3,0,0.0,0.0,0.0,0.0,Yandex Browser,Android,True,26.3.4,16,RU,Transbaikal Territory
2026-04-03 13:05:28.559000+00:00,2026-04-03 13:11:05.048000+00:00,user_00441,5.608149999999999,0,2,4,1,0.0,0.0,1.0,0.0,Yandex Browser,Android,True,26.3.4,16,RU,Transbaikal Territory
2026-04-03 12:47:41.648000+00:00,2026-04-03 12:56:04.399000+00:00,user_00443,8.379183333333334,1,1,5,0,0.0,0.0,0.0,0.0,Yandex Browser,Windows,False,26.3.0,10,RU,Irkutsk Oblast
2026-04-03 12:54:48.062000+00:00,2026-04-03 12:58:28.477000+00:00,user_00444,3.673583333333333,1,1,5,0,0.0,0.0,0.0,0.0,Chrome,Windows,False,146.0.0,10,RU,Transbaikal Territory
2026-04-03 13:15:32.111000+00:00,2026-04-03 13:19:15.405000+00:00,user_00446,3.721566666666667,1,1,5,0,0.0,0.0,0.0,0.0,Chrome,Windows,False,146.0.0,10,RU,Transbaikal Territory
2026-04-03 13:25:59.555000+00:00,2026-04-03 13:30:21.613000+00:00,user_00447,4.367633333333333,1,1,9,4,0.0,1.0,0.0,1.0,Chrome,Windows,False,146.0.0,10,RU,Transbaikal Territory
2026-04-03 13:31:52.063000+00:00,2026-04-03 13:35:51.571000+00:00,user_00448,3.9918,1,1,5,0,0.0,0.0,0.0,0.0,Yandex Browser,Windows,False,26.3.0,10,RU,Irkutsk Oblast
2026-04-03 13:44:08.275000+00:00,2026-04-03 13:47:44.927000+00:00,user_00448,3.6108666666666664,1,2,5,0,0.0,0.0,0.0,0.0,Yandex Browser,Windows,False,26.3.0,10,RU,Irkutsk Oblast
2026-04-03 14:02:03.141000+00:00,2026-04-03 14:13:03.766000+00:00,user_00449,11.010416666666666,1,1,5,0,0.0,0.0,0.0,0.0,Chrome,Windows,False,146.0.0,10,RU,
2026-04-03 14:43:39.707000+00:00,2026-04-03 14:52:13.981000+00:00,user_00450,8.571233333333334,1,1,9,2,0.0,0.0,1.0,0.0,Yandex Browser,Windows,False,26.3.0,10,RU,Amur Oblast
2026-04-03 18:30:59.721000+00:00,2026-04-03 18:38:28.286000+00:00,user_00451,7.476083333333333,1,1,8,3,1.0,0.0,1.0,0.0,Chrome,Windows,False,146.0.0,10,RU,Belgorod Oblast
2026-04-03 23:32:59.112000+00:00,2026-04-03 23:45:17.248000+00:00,user_00452,12.302266666666666,1,1,19,14,3.0,2.0,0.0,3.0,Yandex Browser,Windows,False,26.3.0,10,RU,Primorye
2026-04-03 23:48:47.462000+00:00,2026-04-03 23:48:47.462000+00:00,user_00452,0.0,1,2,1,0,0.0,0.0,0.0,0.0,Yandex Browser,Windows,False,26.3.0,10,RU,Primorye
2026-04-04 00:03:36.634000+00:00,2026-04-04 00:09:15.404000+00:00,user_00453,5.646166666666667,1,1,9,2,0.0,0.0,0.0,1.0,Chrome,Windows,False,146.0.0,10,RU,Irkutsk Oblast
2026-04-04 00:22:08.905000+00:00,2026-04-04 00:25:49.604000+00:00,user_00453,3.678316666666667,1,2,10,4,1.0,0.0,1.0,0.0,Chrome Mobile,Android,True,146.0.0,10,RU,Irkutsk Oblast
2026-04-04 00:49:01.952000+00:00,2026-04-04 00:49:01.952000+00:00,user_00453,0.0,0,3,1,0,0.0,0.0,0.0,0.0,Chrome Mobile,Android,True,146.0.0,10,RU,Irkutsk Oblast
2026-04-04 00:16:34.698000+00:00,2026-04-04 00:19:29.232000+00:00,user_00454,2.9089,1,1,5,0,0.0,0.0,0.0,0.0,Chrome,Windows,False,146.0.0,10,RU,Transbaikal Territory
2026-04-04 00:20:59.272000+00:00,2026-04-04 00:33:59.615000+00:00,user_00455,13.005716666666666,1,1,20,6,0.0,0.0,0.0,3.0,Chrome,Windows,False,146.0.0,10,RU,Irkutsk Oblast
2026-04-04 00:49:53.821000+00:00,2026-04-04 00:54:18.570000+00:00,user_00456,4.412483333333333,1,1,9,4,0.0,2.0,0.0,0.0,Yandex Browser,Windows,False,26.3.0,10,RU,Irkutsk Oblast
2026-04-04 00:50:05.427000+00:00,2026-04-04 00:53:30.756000+00:00,user_00457,3.4221500000000002,1,1,6,0,0.0,0.0,0.0,0.0,Chrome Mobile,Android,True,146.0.0,10,RU,Irkutsk Oblast
2026-04-04 00:53:33.459000+00:00,2026-04-04 01:00:49.001000+00:00,user_00457,7.259033333333333,1,2,4,2,0.0,0.0,0.0,1.0,Chrome,Windows,False,146.0.0,10,RU,Irkutsk Oblast
2026-04-04 01:16:02.528000+00:00,2026-04-04 01:20:44.147000+00:00,user_00458,4.693650000000001,1,1,11,6,2.0,0.0,0.0,1.0,Chrome,Windows,False,146.0.0,10,RU,Irkutsk Oblast
2026-04-04 01:39:55.878000+00:00,2026-04-04 01:44:30.678000+00:00,user_00459,4.58,1,1,15,9,4.0,0.0,0.0,1.0,Chrome,Windows,False,146.0.0,10,RU,Irkutsk Oblast
2026-04-04 01:52:54.365000+00:00,2026-04-04 01:57:43.265000+00:00,user_00459,4.8149999999999995,1,2,31,25,10.0,1.0,0.0,2.0,Chrome,Windows,False,146.0.0,10,RU,Irkutsk Oblast
2026-04-04 02:05:23.039000+00:00,2026-04-04 02:08:08.696000+00:00,user_00459,2.7609500000000002,1,3,8,2,0.0,0.0,0.0,1.0,Chrome Mobile,Android,True,146.0.0,10,RU,Irkutsk Oblast
2026-04-05 00:23:36.155000+00:00,2026-04-05 00:28:00.249000+00:00,user_00459,4.401566666666667,1,4,10,4,0.0,0.0,1.0,1.0,Chrome,Windows,False,146.0.0,10,RU,Irkutsk Oblast
2026-04-05 00:38:20.208000+00:00,2026-04-05 00:42:19.859000+00:00,user_00459,3.9941833333333334,1,5,9,2,0.0,0.0,0.0,1.0,Chrome,Windows,False,146.0.0,10,RU,Irkutsk Oblast
2026-04-05 00:51:09.398000+00:00,2026-04-05 00:58:38.759000+00:00,user_00459,7.48935,1,6,10,4,0.0,0.0,1.0,1.0,Chrome,Windows,False,146.0.0,10,RU,Irkutsk Oblast
2026-04-05 03:43:27.750000+00:00,2026-04-05 03:49:11.581000+00:00,user_00459,5.730516666666667,1,7,10,4,2.0,0.0,0.0,0.0,Chrome Mobile,Android,True,146.0.0,10,RU,Irkutsk Oblast
2026-04-04 02:01:46.101000+00:00,2026-04-04 02:04:57.039000+00:00,user_00460,3.1822999999999997,0,1,2,1,0.0,0.0,0.0,1.0,Chrome,Windows,False,109.0.0,10,RU,Primorye
2026-04-04 03:19:08.707000+00:00,2026-04-04 03:20:55.763000+00:00,user_00460,1.7842666666666667,0,2,4,1,0.0,0.0,0.0,0.0,Yandex Browser,Windows,False,26.3.0,10,RU,
2026-04-04 02:14:37.550000+00:00,2026-04-04 02:23:09.061000+00:00,user_00461,8.525183333333334,1,1,12,6,1.0,0.0,0.0,2.0,Chrome,Windows,False,146.0.0,10,RU,
2026-04-04 02:23:40.187000+00:00,2026-04-04 02:26:45.547000+00:00,user_00461,3.0893333333333337,1,2,2,0,0.0,0.0,0.0,0.0,Chrome,Windows,False,146.0.0,10,RU,
2026-04-04 02:21:31.835000+00:00,2026-04-04 02:26:17.756000+00:00,user_00462,4.76535,1,1,8,2,0.0,0.0,0.0,1.0,Chrome,Windows,False,146.0.0,10,RU,Irkutsk Oblast
2026-04-04 02:33:41.123000+00:00,2026-04-04 02:38:26.146000+00:00,user_00462,4.750383333333334,1,2,18,11,4.0,0.0,1.0,1.0,Chrome,Windows,False,146.0.0,10,RU,Irkutsk Oblast
2026-04-04 02:23:27.574000+00:00,2026-04-04 02:50:48.556000+00:00,user_00463,27.3497,1,1,45,40,15.0,0.0,4.0,1.0,Yandex Browser,Windows,False,26.3.0,10,RU,
2026-04-04 02:24:04.003000+00:00,2026-04-04 02:34:03.225000+00:00,user_00464,9.987033333333333,0,1,9,5,0.0,0.0,0.0,4.0,Yandex Browser,Windows,False,26.3.0,10,RU,Irkutsk Oblast
2026-04-04 02:44:05.601000+00:00,2026-04-04 02:53:38.621000+00:00,user_00464,9.550333333333333,0,2,5,2,0.0,0.0,0.0,1.0,Yandex Browser,Windows,False,26.3.0,10,RU,Irkutsk Oblast
2026-04-04 03:18:41.682000+00:00,2026-04-04 03:21:18.168000+00:00,user_00464,2.6081,0,3,3,2,0.0,0.0,0.0,1.0,Yandex Browser,Windows,False,26.3.0,10,RU,Irkutsk Oblast
2026-04-04 04:13:04.826000+00:00,2026-04-04 04:17:45.871000+00:00,user_00464,4.684083333333334,1,4,8,4,0.0,0.0,1.0,1.0,Yandex Browser,Windows,False,26.3.0,10,RU,Irkutsk Oblast
2026-04-04 02:45:41.470000+00:00,2026-04-04 02:52:43.110000+00:00,user_00465,7.027333333333333,1,1,7,0,0.0,0.0,0.0,0.0,Chrome,Windows,False,146.0.0,10,RU,Irkutsk Oblast
2026-04-04 02:53:04.981000+00:00,2026-04-04 03:00:14.298000+00:00,user_00465,7.155283333333333,1,2,4,2,0.0,0.0,0.0,1.0,Chrome,Windows,False,146.0.0,10,RU,Irkutsk Oblast
2026-04-04 03:06:31.760000+00:00,2026-04-04 03:13:25.947000+00:00,user_00466,6.903116666666667,1,1,5,0,0.0,0.0,0.0,0.0,Yandex Browser,Windows,False,26.3.0,10,RU,Irkutsk Oblast
2026-04-04 03:25:33.618000+00:00,2026-04-04 03:30:19.638000+00:00,user_00467,4.7669999999999995,1,1,7,2,0.0,0.0,0.0,1.0,Chrome,Windows,False,145.0.0,10,RU,Irkutsk Oblast
2026-04-04 03:38:06.004000+00:00,2026-04-04 03:45:43.771000+00:00,user_00468,7.62945,0,1,3,1,0.0,0.0,0.0,1.0,Chrome,Windows,False,146.0.0,10,RU,
2026-04-04 03:56:32.818000+00:00,2026-04-04 04:04:37.198000+00:00,user_00468,8.073,1,2,25,20,0.0,3.0,2.0,5.0,Edge,Windows,False,146.0.0,10,RU,Irkutsk Oblast
2026-04-04 03:52:04.904000+00:00,2026-04-04 03:55:17.159000+00:00,user_00469,3.20425,1,1,16,10,5.0,0.0,0.0,0.0,Opera,Windows,False,129.0.0,10,RU,Sakha
2026-04-04 03:56:32.075000+00:00,2026-04-04 04:02:11.171000+00:00,user_00470,5.6516,1,1,9,4,1.0,1.0,0.0,0.0,Yandex Browser,Windows,False,26.3.0,10,RU,Irkutsk Oblast
2026-04-04 04:43:38.697000+00:00,2026-04-04 04:50:27.419000+00:00,user_00471,6.812033333333333,1,1,6,0,0.0,0.0,0.0,0.0,Yandex Browser,Windows,False,26.3.0,10,RU,Irkutsk Oblast
2026-04-04 05:07:33.351000+00:00,2026-04-04 05:14:07.029000+00:00,user_00472,6.5613,1,1,13,8,2.0,0.0,1.0,1.0,Edge,Windows,False,146.0.0,10,RU,
2026-04-04 05:16:18.672000+00:00,2026-04-04 05:24:41.779000+00:00,user_00472,8.385116666666667,1,2,3,0,0.0,0.0,0.0,0.0,Edge,Windows,False,146.0.0,10,RU,
2026-04-04 05:36:33.688000+00:00,2026-04-04 05:41:15.531000+00:00,user_00473,4.697383333333334,0,1,3,1,0.0,0.0,0.0,1.0,Chrome,Windows,False,146.0.0,10,RU,Irkutsk Oblast
2026-04-04 06:02:36.118000+00:00,2026-04-04 06:22:34.500000+00:00,user_00474,19.973033333333333,1,1,12,6,1.0,0.0,0.0,2.0,Yandex Browser,Windows,False,26.3.0,10,RU,Khabarovsk
2026-04-04 06:23:53.467000+00:00,2026-04-04 06:23:53.467000+00:00,user_00474,0.0,0,2,1,0,0.0,0.0,0.0,0.0,Yandex Browser,Windows,False,26.3.0,10,RU,Khabarovsk
2026-04-04 23:39:07.228000+00:00,2026-04-04 23:43:27.965000+00:00,user_00474,4.345616666666667,1,3,5,0,0.0,0.0,0.0,0.0,Yandex Browser,Windows,False,26.3.0,10,RU,Khabarovsk
2026-04-04 09:13:06.867000+00:00,2026-04-04 09:23:20.800000+00:00,user_00475,10.232216666666666,1,1,11,5,0.0,0.0,1.0,1.0,Chrome,Windows,False,146.0.0,10,RU,
2026-04-04 06:42:13.498000+00:00,2026-04-04 06:47:07.083000+00:00,user_00476,4.893083333333333,1,1,9,4,0.0,0.0,0.0,2.0,Yandex Browser,Windows,False,26.3.0,10,RU,Primorye
2026-04-04 06:55:17.280000+00:00,2026-04-04 07:00:19.604000+00:00,user_00477,5.038733333333334,1,1,7,2,0.0,0.0,0.0,1.0,Firefox,Windows,False,149.0,10,RU,
2026-04-04 07:24:19.991000+00:00,2026-04-04 07:29:38.291000+00:00,user_00478,5.305000000000001,1,1,7,2,0.0,0.0,0.0,1.0,Firefox,Windows,False,149.0,10,RU,Irkutsk Oblast
2026-04-04 07:30:03.721000+00:00,2026-04-04 07:35:17.331000+00:00,user_00479,5.226833333333333,1,1,11,6,1.0,1.0,0.0,1.0,Edge,Windows,False,146.0.0,10,RU,Transbaikal Territory
2026-04-04 08:13:47.710000+00:00,2026-04-04 08:17:28.321000+00:00,user_00480,3.67685,1,1,5,0,0.0,0.0,0.0,0.0,Yandex Browser,Windows,False,26.3.0,10,RU,Irkutsk Oblast
2026-04-04 08:23:52.381000+00:00,2026-04-04 08:27:37.177000+00:00,user_00481,3.7466,1,1,5,0,0.0,0.0,0.0,0.0,Yandex Browser,Windows,False,26.3.0,10,RU,Irkutsk Oblast
2026-04-04 08:36:57.012000+00:00,2026-04-04 08:40:26.648000+00:00,user_00481,3.493933333333333,1,2,7,2,0.0,1.0,0.0,0.0,Yandex Browser,Windows,False,26.3.0,10,RU,Irkutsk Oblast
2026-04-04 09:17:49.918000+00:00,2026-04-04 09:21:52.684000+00:00,user_00482,4.0461,1,1,5,0,0.0,0.0,0.0,0.0,Yandex Browser,Windows,False,26.3.0,10,RU,Irkutsk Oblast
2026-04-04 09:19:31.160000+00:00,2026-04-04 09:23:47.661000+00:00,user_00483,4.275016666666667,1,1,5,0,0.0,0.0,0.0,0.0,Yandex Browser,Windows,False,26.3.0,10,RU,Transbaikal Territory
2026-04-04 09:44:29.248000+00:00,2026-04-04 09:48:00+00:00,user_00484,3.5125333333333333,1,1,5,0,0.0,0.0,0.0,0.0,Yandex Browser,Windows,False,26.3.0,10,RU,Irkutsk Oblast
2026-04-04 09:53:26.255000+00:00,2026-04-04 09:57:01.186000+00:00,user_00485,3.5821833333333335,1,1,5,0,0.0,0.0,0.0,0.0,Yandex Browser,Windows,False,26.3.0,10,RU,Irkutsk Oblast
2026-04-04 10:05:40.191000+00:00,2026-04-04 10:08:59.041000+00:00,user_00485,3.3141666666666665,1,2,5,0,0.0,0.0,0.0,0.0,Yandex Browser,Windows,False,26.3.0,10,RU,Irkutsk Oblast
2026-04-04 10:03:57.065000+00:00,2026-04-04 10:18:53.711000+00:00,user_00486,14.944099999999999,1,1,19,14,3.0,1.0,1.0,3.0,Chrome,Windows,False,146.0.0,10,RU,
2026-04-04 10:16:07.611000+00:00,2026-04-04 10:21:39.304000+00:00,user_00487,5.528216666666666,1,1,13,8,1.0,0.0,2.0,1.0,Yandex Browser,Windows,False,26.3.0,10,RU,Irkutsk Oblast
2026-04-04 10:28:59.858000+00:00,2026-04-04 10:32:28.623000+00:00,user_00488,3.4794166666666664,1,1,5,0,0.0,0.0,0.0,0.0,Yandex Browser,Windows,False,26.3.0,10,RU,Irkutsk Oblast
2026-04-04 11:15:23.808000+00:00,2026-04-04 11:22:21.910000+00:00,user_00490,6.968366666666666,1,1,9,4,0.0,0.0,1.0,1.0,Yandex Browser,Windows,False,26.3.0,10,RU,Primorye
2026-04-04 11:15:25.584000+00:00,2026-04-04 11:22:47.891000+00:00,user_00491,7.371783333333334,1,1,17,11,2.0,0.0,3.0,1.0,Yandex Browser,Windows,False,26.3.0,10,RU,Primorye
2026-04-04 11:31:28.780000+00:00,2026-04-04 11:36:10.783000+00:00,user_00491,4.70005,1,2,5,0,0.0,0.0,0.0,0.0,Yandex Browser,Windows,False,26.3.0,10,RU,Primorye
2026-04-04 11:24:05.298000+00:00,2026-04-04 11:29:05.016000+00:00,user_00492,4.9953,1,1,9,2,0.0,0.0,0.0,1.0,Chrome,Windows,False,146.0.0,10,RU,Irkutsk Oblast
2026-04-04 11:40:41.606000+00:00,2026-04-04 11:44:40.433000+00:00,user_00493,3.98045,1,1,7,2,0.0,0.0,0.0,1.0,Chrome Mobile,Android,True,146.0.0,10,RU,Irkutsk Oblast
2026-04-04 11:58:26.680000+00:00,2026-04-04 12:03:22.609000+00:00,user_00494,4.932149999999999,1,1,5,0,0.0,0.0,0.0,0.0,Yandex Browser,Windows,False,26.3.0,10,RU,Irkutsk Oblast
2026-04-04 12:47:36.845000+00:00,2026-04-04 12:50:23.619000+00:00,user_00494,2.7795666666666667,1,2,7,2,1.0,0.0,0.0,0.0,Yandex Browser,Windows,False,26.3.0,10,RU,Irkutsk Oblast
2026-04-04 12:26:49.380000+00:00,2026-04-04 12:30:21.212000+00:00,user_00495,3.530533333333333,1,1,5,0,0.0,0.0,0.0,0.0,Yandex Browser,Windows,False,26.3.0,10,RU,Irkutsk Oblast
2026-04-04 12:37:14.958000+00:00,2026-04-04 12:40:33.936000+00:00,user_00496,3.3163,1,1,5,0,0.0,0.0,0.0,0.0,Yandex Browser,Windows,False,26.3.0,10,RU,Irkutsk Oblast
2026-04-04 12:57:58.271000+00:00,2026-04-04 13:09:01.599000+00:00,user_00497,11.055466666666666,1,1,54,46,17.0,6.0,0.0,0.0,Yandex Browser,Windows,False,26.3.0,10,RU,Irkutsk Oblast
2026-04-04 23:57:33.588000+00:00,2026-04-05 00:01:42.679000+00:00,user_00499,4.151516666666667,1,1,13,7,1.0,1.0,0.0,2.0,Chrome,Windows,False,146.0.0,10,RU,Irkutsk Oblast
2026-04-05 00:01:48.702000+00:00,2026-04-05 00:09:46.002000+00:00,user_00499,7.955,1,2,2,0,0.0,0.0,0.0,0.0,Chrome,Windows,False,146.0.0,10,RU,Irkutsk Oblast
2026-04-05 00:11:44.933000+00:00,2026-04-05 00:15:59.250000+00:00,user_00499,4.238616666666667,1,3,10,4,2.0,0.0,0.0,0.0,Chrome,Windows,False,146.0.0,10,RU,Irkutsk Oblast
2026-04-05 00:15:59.331000+00:00,2026-04-05 00:21:28.503000+00:00,user_00499,5.4862,1,4,4,2,0.0,0.0,0.0,1.0,Chrome,Windows,False,146.0.0,10,RU,Irkutsk Oblast
2026-04-05 01:50:16.387000+00:00,2026-04-05 01:54:54.264000+00:00,user_00500,4.631283333333333,1,1,7,2,0.0,0.0,1.0,0.0,Chrome Mobile,Android,True,146.0.0,10,RU,Transbaikal Territory
2026-04-05 01:54:33.515000+00:00,2026-04-05 02:04:37.210000+00:00,user_00501,10.061583333333335,1,1,6,0,0.0,0.0,0.0,0.0,Chrome,Windows,False,146.0.0,10,RU,Irkutsk Oblast
2026-04-05 02:31:18.052000+00:00,2026-04-05 02:36:02.961000+00:00,user_00502,4.748483333333334,1,1,9,4,0.0,2.0,0.0,0.0,Yandex Browser,Windows,False,26.3.0,10,RU,Irkutsk Oblast
2026-04-05 02:43:26.788000+00:00,2026-04-05 02:47:14.966000+00:00,user_00503,3.802966666666667,1,1,5,0,0.0,0.0,0.0,0.0,Yandex Browser,Windows,False,26.3.0,10,RU,Irkutsk Oblast
2026-04-05 02:54:48.247000+00:00,2026-04-05 02:54:48.247000+00:00,user_00503,0.0,1,2,1,0,0.0,0.0,0.0,0.0,Yandex Browser,Windows,False,26.3.0,10,RU,Irkutsk Oblast
2026-04-05 03:41:18.915000+00:00,2026-04-05 03:53:30.070000+00:00,user_00504,12.185916666666666,1,1,12,4,0.0,0.0,0.0,2.0,Chrome,Windows,False,146.0.0,10,RU,Irkutsk Oblast
2026-04-05 03:53:36.068000+00:00,2026-04-05 03:57:01.276000+00:00,user_00504,3.4201333333333332,1,2,2,0,0.0,0.0,0.0,0.0,Chrome,Windows,False,146.0.0,10,RU,Irkutsk Oblast
2026-04-05 03:58:00.439000+00:00,2026-04-05 04:01:35.364000+00:00,user_00505,3.5820833333333337,1,1,8,2,0.0,1.0,0.0,0.0,Chrome,Windows,False,146.0.0,10,RU,Irkutsk Oblast
2026-04-05 04:21:32.445000+00:00,2026-04-05 04:29:38.141000+00:00,user_00506,8.094933333333334,1,1,7,2,0.0,0.0,0.0,1.0,Chrome,Windows,False,146.0.0,10,RU,Irkutsk Oblast
2026-04-05 06:52:01.034000+00:00,2026-04-05 06:56:50.327000+00:00,user_00507,4.82155,1,1,9,3,0.0,1.0,0.0,1.0,Chrome,Windows,False,146.0.0,10,RU,Irkutsk Oblast
2026-04-05 07:03:28.633000+00:00,2026-04-05 07:07:53.177000+00:00,user_00508,4.409066666666666,1,1,11,5,2.0,0.0,0.0,1.0,Chrome,Windows,False,146.0.0,10,RU,Irkutsk Oblast
2026-04-05 07:13:46.260000+00:00,2026-04-05 07:13:46.260000+00:00,user_00508,0.0,0,2,1,0,0.0,0.0,0.0,0.0,Chrome Mobile,Android,True,146.0.0,10,RU,Irkutsk Oblast
2026-04-05 07:27:48.302000+00:00,2026-04-05 07:31:12.749000+00:00,user_00508,3.40745,1,3,7,2,1.0,0.0,0.0,0.0,Chrome Mobile,Android,True,146.0.0,10,RU,Irkutsk Oblast
2026-04-05 07:24:33.711000+00:00,2026-04-05 07:32:08.136000+00:00,user_00509,7.57375,1,1,5,0,0.0,0.0,0.0,0.0,Chrome,Windows,False,146.0.0,10,RU,Primorye
2026-04-05 07:27:31.588000+00:00,2026-04-05 07:36:41.629000+00:00,user_00510,9.16735,1,1,16,8,1.0,0.0,2.0,1.0,Chrome,Windows,False,146.0.0,10,RU,Irkutsk Oblast
2026-04-05 07:54:07.045000+00:00,2026-04-05 07:58:25.255000+00:00,user_00511,4.3035,1,1,8,2,0.0,0.0,0.0,1.0,Chrome,Windows,False,146.0.0,10,RU,Irkutsk Oblast
2026-04-05 07:58:33.121000+00:00,2026-04-05 08:01:36.641000+00:00,user_00511,3.058666666666667,0,2,3,0,0.0,0.0,0.0,0.0,Chrome,Windows,False,146.0.0,10,RU,Irkutsk Oblast
2026-04-05 09:32:16.515000+00:00,2026-04-05 09:36:35.197000+00:00,user_00512,4.311366666666667,1,1,11,5,1.0,1.0,0.0,1.0,Chrome,Windows,False,146.0.0,10,RU,Irkutsk Oblast
2026-04-05 10:38:37.870000+00:00,2026-04-05 10:44:12.427000+00:00,user_00513,5.575950000000001,1,1,5,0,0.0,0.0,0.0,0.0,Edge,Windows,False,146.0.0,10,RU,Irkutsk Oblast
2026-04-05 11:23:45.010000+00:00,2026-04-05 11:28:24.054000+00:00,user_00514,4.650733333333333,1,1,8,2,0.0,0.0,0.0,1.0,Chrome,Windows,False,146.0.0,10,RU,Irkutsk Oblast
2026-04-05 11:50:46.195000+00:00,2026-04-05 11:56:42.765000+00:00,user_00515,5.942833333333334,1,1,7,2,1.0,0.0,0.0,0.0,Yandex Browser,Windows,False,26.3.0,10,RU,Irkutsk Oblast
2026-04-05 12:22:47.321000+00:00,2026-04-05 12:28:34.975000+00:00,user_00516,5.794233333333334,1,1,9,4,2.0,0.0,0.0,0.0,Chrome,Windows,False,146.0.0,10,RU,
2026-04-05 12:53:37.328000+00:00,2026-04-05 12:59:10.501000+00:00,user_00518,5.552883333333333,1,1,7,2,1.0,0.0,0.0,0.0,Chrome,Windows,False,146.0.0,10,RU,Irkutsk Oblast
2026-04-05 13:06:51.732000+00:00,2026-04-05 13:06:51.732000+00:00,user_00518,0.0,1,2,1,0,0.0,0.0,0.0,0.0,Chrome,Windows,False,146.0.0,10,RU,Irkutsk Oblast
2026-04-05 13:27:43.066000+00:00,2026-04-05 13:30:53.766000+00:00,user_00518,3.1783333333333332,1,3,5,0,0.0,0.0,0.0,0.0,Chrome,Windows,False,146.0.0,10,RU,Irkutsk Oblast
2026-04-05 13:13:48.624000+00:00,2026-04-05 13:17:42.609000+00:00,user_00519,3.89975,1,1,9,4,0.0,2.0,0.0,0.0,Chrome,Windows,False,146.0.0,10,RU,Irkutsk Oblast
2026-04-05 13:40:05.087000+00:00,2026-04-05 13:43:09.693000+00:00,user_00520,3.0767666666666664,1,1,7,2,1.0,0.0,0.0,0.0,Chrome,Windows,False,146.0.0,10,RU,Irkutsk Oblast
2026-04-05 13:52:04.851000+00:00,2026-04-05 14:03:51.120000+00:00,user_00520,11.77115,1,2,7,0,0.0,0.0,0.0,0.0,Chrome,Windows,False,146.0.0,10,RU,Irkutsk Oblast
2026-04-05 13:46:13.623000+00:00,2026-04-05 13:51:38.292000+00:00,user_00521,5.41115,1,1,8,3,0.0,0.0,0.0,2.0,Yandex Browser,Windows,False,26.3.0,10,RU,Transbaikal Territory
2026-04-05 14:43:01.235000+00:00,2026-04-05 14:51:39.225000+00:00,user_00522,8.633166666666666,1,1,11,5,1.0,0.0,0.0,2.0,Firefox,Windows,False,149.0,10,RU,Sakha
2026-04-05 14:44:53.028000+00:00,2026-04-05 14:48:33.743000+00:00,user_00523,3.6785833333333335,1,1,5,0,0.0,0.0,0.0,0.0,Chrome,Windows,False,146.0.0,10,RU,Irkutsk Oblast
2026-04-05 15:01:18.738000+00:00,2026-04-05 15:02:14.825000+00:00,user_00523,0.9347833333333334,1,2,2,0,0.0,0.0,0.0,0.0,Chrome,Windows,False,146.0.0,10,RU,Irkutsk Oblast
2026-04-05 15:03:23.517000+00:00,2026-04-05 15:06:35.460000+00:00,user_00523,3.19905,1,3,5,0,0.0,0.0,0.0,0.0,Chrome,Windows,False,146.0.0,10,RU,Irkutsk Oblast
2026-04-05 14:45:42.069000+00:00,2026-04-05 14:56:59.455000+00:00,user_00524,11.289766666666667,1,1,15,8,4.0,0.0,0.0,0.0,Yandex Browser,Windows,False,26.3.0,10,RU,Transbaikal Territory
2026-04-05 15:10:18.339000+00:00,2026-04-05 15:13:58.425000+00:00,user_00525,3.6681000000000004,1,1,7,2,1.0,0.0,0.0,0.0,Yandex Browser,Windows,False,26.3.0,10,RU,Transbaikal Territory
2026-04-05 15:18:45.039000+00:00,2026-04-05 15:18:45.039000+00:00,user_00525,0.0,1,2,1,0,0.0,0.0,0.0,0.0,Yandex Browser,Windows,False,26.3.0,10,RU,Transbaikal Territory
2026-04-05 21:32:55.770000+00:00,2026-04-05 21:38:33.392000+00:00,user_00526,5.627033333333333,1,1,11,6,0.0,2.0,0.0,1.0,Chrome,Windows,False,146.0.0,10,RU,
2026-04-05 23:02:56.804000+00:00,2026-04-05 23:07:21.851000+00:00,user_00527,4.4174500000000005,1,1,11,6,0.0,0.0,0.0,3.0,Yandex Browser,Windows,False,26.3.0,10,RU,Transbaikal Territory
2026-04-05 23:50:46.352000+00:00,2026-04-06 00:03:04.091000+00:00,user_00528,12.29565,1,1,8,2,0.0,0.0,0.0,1.0,Chrome,Windows,False,146.0.0,10,RU,Irkutsk Oblast
2026-04-06 00:03:10.853000+00:00,2026-04-06 00:08:26.937000+00:00,user_00528,5.268066666666667,1,2,2,0,0.0,0.0,0.0,0.0,Chrome,Windows,False,146.0.0,10,RU,Irkutsk Oblast
2026-04-06 00:25:20.363000+00:00,2026-04-06 00:28:47.873000+00:00,user_00529,3.4585,0,1,6,2,0.0,0.0,1.0,0.0,Chrome Mobile,Android,True,146.0.0,10,RU,Transbaikal Territory
2026-04-06 00:57:07.403000+00:00,2026-04-06 01:01:07.136000+00:00,user_00529,3.99555,1,2,6,0,0.0,0.0,0.0,0.0,Chrome Mobile,Android,True,146.0.0,10,RU,Irkutsk Oblast
2026-04-06 01:24:58.093000+00:00,2026-04-06 01:25:52.952000+00:00,user_00530,0.9143166666666667,1,1,4,0,0.0,0.0,0.0,0.0,Yandex Browser,Windows,False,26.3.0,10,RU,Transbaikal Territory
2026-04-06 03:17:46.653000+00:00,2026-04-06 03:24:11.231000+00:00,user_00532,6.409633333333333,1,1,9,4,0.0,0.0,1.0,1.0,Yandex Browser,Windows,False,25.8.0,10,RU,
2026-04-06 03:32:37.221000+00:00,2026-04-06 03:39:21.452000+00:00,user_00533,6.737183333333333,0,1,3,2,0.0,0.0,0.0,2.0,Yandex Browser,Windows,False,26.3.0,10,RU,Moscow
2026-04-06 04:33:16.912000+00:00,2026-04-06 04:40:46.302000+00:00,user_00533,7.489833333333333,1,2,6,1,0.0,0.0,0.0,0.0,Chrome,Windows,False,146.0.0,10,NL,North Holland
2026-04-06 03:40:30.927000+00:00,2026-04-06 04:08:15.521000+00:00,user_00534,27.743233333333333,1,1,33,18,0.0,0.0,0.0,9.0,Opera,Windows,False,129.0.0,10,RU,Bashkortostan Republic
2026-04-06 04:11:29.982000+00:00,2026-04-06 04:15:39.658000+00:00,user_00535,4.161266666666666,0,1,3,0,0.0,0.0,0.0,0.0,Mobile Safari,iOS,True,18.6,18.6,RU,
2026-04-06 04:27:38.154000+00:00,2026-04-06 04:56:54.325000+00:00,user_00535,29.269516666666668,0,2,59,44,2.0,0.0,20.0,0.0,Mobile Safari,iOS,True,18.6,18.6,RU,
2026-04-06 05:10:06.429000+00:00,2026-04-06 05:26:03.931000+00:00,user_00535,15.958366666666667,1,3,20,10,1.0,0.0,4.0,0.0,Mobile Safari,iOS,True,18.6,18.6,RU,
2026-04-06 05:29:39.848000+00:00,2026-04-06 05:37:59.090000+00:00,user_00535,8.3207,0,4,2,0,0.0,0.0,0.0,0.0,Mobile Safari,iOS,True,18.6,18.6,RU,
2026-04-06 03:51:23.349000+00:00,2026-04-06 03:59:17.446000+00:00,user_00536,7.9016166666666665,1,1,7,2,0.0,0.0,0.0,1.0,Chrome,Windows,False,146.0.0,10,LV,
2026-04-06 04:02:01.612000+00:00,2026-04-06 04:11:27.217000+00:00,user_00537,9.42675,1,1,9,4,1.0,0.0,1.0,0.0,Chrome,Windows,False,147.0.0,10,RU,Transbaikal Territory
2026-04-06 04:08:33.422000+00:00,2026-04-06 04:22:01.794000+00:00,user_00538,13.472866666666667,1,1,18,12,3.0,2.0,1.0,0.0,Chrome,Windows,False,146.0.0,10,NL,North Holland
2026-04-06 04:28:31.691000+00:00,2026-04-06 04:37:58.114000+00:00,user_00539,9.440383333333333,1,1,15,8,0.0,1.0,0.0,4.0,Chrome,Windows,False,146.0.0,10,US,
2026-04-06 05:02:37.164000+00:00,2026-04-06 05:12:04.586000+00:00,user_00541,9.457033333333333,1,1,15,6,1.0,0.0,2.0,0.0,Chrome Mobile,Android,True,146.0.0,10,RU,Tomsk Oblast
2026-04-06 05:12:33.836000+00:00,2026-04-06 05:26:12.077000+00:00,user_00541,13.63735,0,2,13,0,0.0,0.0,0.0,0.0,Chrome Mobile,Android,True,146.0.0,10,RU,Tomsk Oblast
2026-04-06 07:44:00.723000+00:00,2026-04-06 07:51:04.425000+00:00,user_00541,7.0617,0,3,6,0,0.0,0.0,0.0,0.0,Chrome Mobile,Android,True,146.0.0,10,RU,Tomsk Oblast
2026-04-06 08:40:38.486000+00:00,2026-04-06 08:44:55.442000+00:00,user_00541,4.2826,0,4,5,0,0.0,0.0,0.0,0.0,Chrome Mobile,Android,True,146.0.0,10,RU,Tomsk Oblast
2026-04-06 06:05:21.137000+00:00,2026-04-06 06:12:14.387000+00:00,user_00542,6.8875,1,1,7,2,0.0,1.0,0.0,0.0,Yandex Browser,Windows,False,25.8.0,10,RU,
2026-04-06 06:22:39.617000+00:00,2026-04-06 06:26:23.877000+00:00,user_00542,3.7376666666666667,1,2,7,2,0.0,1.0,0.0,0.0,Yandex Browser,Windows,False,25.8.0,10,RU,
2026-04-06 06:20:11.545000+00:00,2026-04-06 06:23:22.622000+00:00,user_00543,3.1846166666666664,1,1,7,2,1.0,0.0,0.0,0.0,Yandex Browser,Windows,False,26.3.0,10,RU,Transbaikal Territory
2026-04-06 06:29:38.723000+00:00,2026-04-06 06:32:40.458000+00:00,user_00544,3.028916666666667,1,1,5,0,0.0,0.0,0.0,0.0,Yandex Browser,Windows,False,26.3.0,10,RU,Transbaikal Territory
2026-04-06 06:56:46.493000+00:00,2026-04-06 07:04:05.024000+00:00,user_00545,7.3088500000000005,1,1,12,6,2.0,0.0,0.0,1.0,Yandex Browser,Windows,False,24.10.0,10,RU,Irkutsk Oblast
2026-04-06 07:07:43.392000+00:00,2026-04-06 07:20:10.176000+00:00,user_00545,12.4464,0,2,10,0,0.0,0.0,0.0,0.0,Yandex Browser,Windows,False,24.10.0,10,RU,Irkutsk Oblast
2026-04-06 08:40:38.755000+00:00,2026-04-06 08:46:42.267000+00:00,user_00546,6.058533333333333,1,1,19,16,0.0,0.0,8.0,0.0,Chromium GOST Browser,Windows,False,,10,RU,Belgorod Oblast
2026-04-06 08:50:04.847000+00:00,2026-04-06 08:50:04.847000+00:00,user_00546,0.0,1,2,1,0,0.0,0.0,0.0,0.0,Chromium GOST Browser,Windows,False,,10,RU,Belgorod Oblast
2026-04-06 07:10:32.795000+00:00,2026-04-06 07:18:46.314000+00:00,user_00547,8.225316666666666,1,1,5,0,0.0,0.0,0.0,0.0,Yandex Browser,Windows,False,26.3.0,10,RU,Irkutsk Oblast
2026-04-06 07:22:43.163000+00:00,2026-04-06 07:27:20.323000+00:00,user_00548,4.6193333333333335,1,1,12,6,0.0,3.0,0.0,0.0,Yandex Browser,Windows,False,24.10.0,10,RU,Irkutsk Oblast
2026-04-06 07:38:42.983000+00:00,2026-04-06 07:42:25.982000+00:00,user_00548,3.71665,1,2,5,0,0.0,0.0,0.0,0.0,Yandex Browser,Windows,False,24.10.0,10,RU,Irkutsk Oblast
2026-04-06 07:48:16.572000+00:00,2026-04-06 07:55:25.299000+00:00,user_00549,7.145449999999999,1,1,7,2,0.0,0.0,0.0,1.0,Yandex Browser,Windows,False,26.3.0,10,RU,
2026-04-06 08:01:47.369000+00:00,2026-04-06 08:01:47.369000+00:00,user_00549,0.0,1,2,1,0,0.0,0.0,0.0,0.0,Yandex Browser,Windows,False,26.3.0,10,RU,
2026-04-06 07:57:05.807000+00:00,2026-04-06 08:00:58.081000+00:00,user_00550,3.8712333333333335,1,1,5,0,0.0,0.0,0.0,0.0,Yandex Browser,Windows,False,26.3.0,10,RU,Transbaikal Territory
2026-04-06 08:22:43.452000+00:00,2026-04-06 08:29:32.087000+00:00,user_00551,6.810583333333333,0,1,2,1,0.0,0.0,0.0,1.0,Yandex Browser,Windows,False,25.12.0,10,RU,
